,clf__alpha,clf__fit_prior,tfidf__smooth_idf,tfidf__sublinear_tf,tfidf__use_idf,vect__ngram_range,vect__stop_words,score
0,0.1,False,True,True,True,"(1, 2)","['de', 'en', 'van', 'ik', 'te', 'dat', 'die', 'in', 'een', 'hij', 'het', 'niet', 'zijn', 'is', 'was', 'op', 'aan', 'met', 'als', 'voor', 'had', 'er', 'maar', 'om', 'hem', 'dan', 'zou', 'of', 'wat', 'mijn', 'men', 'dit', 'zo', 'door', 'over', 'ze', 'zich', 'bij', 'ook', 'tot', 'je', 'mij', 'uit', 'der', 'daar', 'haar', 'naar', 'heb', 'hoe', 'heeft', 'hebben', 'deze', 'u', 'want', 'nog', 'zal', 'me', 'zij', 'nu', 'ge', 'geen', 'omdat', 'iets', 'worden', 'toch', 'al', 'waren', 'veel', 'meer', 'doen', 'toen', 'moet', 'ben', 'zonder', 'kan', 'hun', 'dus', 'alles', 'onder', 'ja', 'eens', 'hier', 'wie', 'werd', 'altijd', 'doch', 'wordt', 'wezen', 'kunnen', 'ons', 'zelf', 'tegen', 'na', 'reeds', 'wil', 'kon', 'niets', 'uw', 'iemand', 'geweest', 'andere']",0.8875
1,0.1,False,True,True,True,"(1, 2)","['de', 'en', 'van', 'ik', 'te', 'dat', 'die', 'in', 'een', 'hij', 'het', 'niet', 'zijn', 'is', 'was', 'op', 'aan', 'met', 'als', 'voor', 'had', 'er', 'maar', 'om', 'hem', 'dan', 'zou', 'of', 'wat', 'mijn', 'men', 'dit', 'zo', 'door', 'over', 'ze', 'zich', 'bij', 'ook', 'tot', 'je', 'mij', 'uit', 'der', 'daar', 'haar', 'naar', 'heb', 'hoe', 'heeft', 'hebben', 'deze', 'u', 'want', 'nog', 'zal', 'me', 'zij', 'nu', 'ge', 'geen', 'omdat', 'iets', 'worden', 'toch', 'al', 'waren', 'veel', 'meer', 'doen', 'toen', 'moet', 'ben', 'zonder', 'kan', 'hun', 'dus', 'alles', 'onder', 'ja', 'eens', 'hier', 'wie', 'werd', 'altijd', 'doch', 'wordt', 'wezen', 'kunnen', 'ons', 'zelf', 'tegen', 'na', 'reeds', 'wil', 'kon', 'niets', 'uw', 'iemand', 'geweest', 'andere']",0.8875
2,0.1,False,True,True,True,"(1, 2)","['de', 'en', 'van', 'ik', 'te', 'dat', 'die', 'in', 'een', 'hij', 'het', 'niet', 'zijn', 'is', 'was', 'op', 'aan', 'met', 'als', 'voor', 'had', 'er', 'maar', 'om', 'hem', 'dan', 'zou', 'of', 'wat', 'mijn', 'men', 'dit', 'zo', 'door', 'over', 'ze', 'zich', 'bij', 'ook', 'tot', 'je', 'mij', 'uit', 'der', 'daar', 'haar', 'naar', 'heb', 'hoe', 'heeft', 'hebben', 'deze', 'u', 'want', 'nog', 'zal', 'me', 'zij', 'nu', 'ge', 'geen', 'omdat', 'iets', 'worden', 'toch', 'al', 'waren', 'veel', 'meer', 'doen', 'toen', 'moet', 'ben', 'zonder', 'kan', 'hun', 'dus', 'alles', 'onder', 'ja', 'eens', 'hier', 'wie', 'werd', 'altijd', 'doch', 'wordt', 'wezen', 'kunnen', 'ons', 'zelf', 'tegen', 'na', 'reeds', 'wil', 'kon', 'niets', 'uw', 'iemand', 'geweest', 'andere']",0.8875
3,0.1,False,True,True,True,"(1, 2)","['de', 'en', 'van', 'ik', 'te', 'dat', 'die', 'in', 'een', 'hij', 'het', 'niet', 'zijn', 'is', 'was', 'op', 'aan', 'met', 'als', 'voor', 'had', 'er', 'maar', 'om', 'hem', 'dan', 'zou', 'of', 'wat', 'mijn', 'men', 'dit', 'zo', 'door', 'over', 'ze', 'zich', 'bij', 'ook', 'tot', 'je', 'mij', 'uit', 'der', 'daar', 'haar', 'naar', 'heb', 'hoe', 'heeft', 'hebben', 'deze', 'u', 'want', 'nog', 'zal', 'me', 'zij', 'nu', 'ge', 'geen', 'omdat', 'iets', 'worden', 'toch', 'al', 'waren', 'veel', 'meer', 'doen', 'toen', 'moet', 'ben', 'zonder', 'kan', 'hun', 'dus', 'alles', 'onder', 'ja', 'eens', 'hier', 'wie', 'werd', 'altijd', 'doch', 'wordt', 'wezen', 'kunnen', 'ons', 'zelf', 'tegen', 'na', 'reeds', 'wil', 'kon', 'niets', 'uw', 'iemand', 'geweest', 'andere']",0.8875
4,0.1,False,True,True,True,"(1, 2)","['de', 'en', 'van', 'ik', 'te', 'dat', 'die', 'in', 'een', 'hij', 'het', 'niet', 'zijn', 'is', 'was', 'op', 'aan', 'met', 'als', 'voor', 'had', 'er', 'maar', 'om', 'hem', 'dan', 'zou', 'of', 'wat', 'mijn', 'men', 'dit', 'zo', 'door', 'over', 'ze', 'zich', 'bij', 'ook', 'tot', 'je', 'mij', 'uit', 'der', 'daar', 'haar', 'naar', 'heb', 'hoe', 'heeft', 'hebben', 'deze', 'u', 'want', 'nog', 'zal', 'me', 'zij', 'nu', 'ge', 'geen', 'omdat', 'iets', 'worden', 'toch', 'al', 'waren', 'veel', 'meer', 'doen', 'toen', 'moet', 'ben', 'zonder', 'kan', 'hun', 'dus', 'alles', 'onder', 'ja', 'eens', 'hier', 'wie', 'werd', 'altijd', 'doch', 'wordt', 'wezen', 'kunnen', 'ons', 'zelf', 'tegen', 'na', 'reeds', 'wil', 'kon', 'niets', 'uw', 'iemand', 'geweest', 'andere']",0.8875
5,0.1,False,True,True,True,"(1, 2)","['de', 'en', 'van', 'ik', 'te', 'dat', 'die', 'in', 'een', 'hij', 'het', 'niet', 'zijn', 'is', 'was', 'op', 'aan', 'met', 'als', 'voor', 'had', 'er', 'maar', 'om', 'hem', 'dan', 'zou', 'of', 'wat', 'mijn', 'men', 'dit', 'zo', 'door', 'over', 'ze', 'zich', 'bij', 'ook', 'tot', 'je', 'mij', 'uit', 'der', 'daar', 'haar', 'naar', 'heb', 'hoe', 'heeft', 'hebben', 'deze', 'u', 'want', 'nog', 'zal', 'me', 'zij', 'nu', 'ge', 'geen', 'omdat', 'iets', 'worden', 'toch', 'al', 'waren', 'veel', 'meer', 'doen', 'toen', 'moet', 'ben', 'zonder', 'kan', 'hun', 'dus', 'alles', 'onder', 'ja', 'eens', 'hier', 'wie', 'werd', 'altijd', 'doch', 'wordt', 'wezen', 'kunnen', 'ons', 'zelf', 'tegen', 'na', 'reeds', 'wil', 'kon', 'niets', 'uw', 'iemand', 'geweest', 'andere']",0.8875
6,0.1,False,True,True,True,"(1, 2)","['de', 'en', 'van', 'ik', 'te', 'dat', 'die', 'in', 'een', 'hij', 'het', 'niet', 'zijn', 'is', 'was', 'op', 'aan', 'met', 'als', 'voor', 'had', 'er', 'maar', 'om', 'hem', 'dan', 'zou', 'of', 'wat', 'mijn', 'men', 'dit', 'zo', 'door', 'over', 'ze', 'zich', 'bij', 'ook', 'tot', 'je', 'mij', 'uit', 'der', 'daar', 'haar', 'naar', 'heb', 'hoe', 'heeft', 'hebben', 'deze', 'u', 'want', 'nog', 'zal', 'me', 'zij', 'nu', 'ge', 'geen', 'omdat', 'iets', 'worden', 'toch', 'al', 'waren', 'veel', 'meer', 'doen', 'toen', 'moet', 'ben', 'zonder', 'kan', 'hun', 'dus', 'alles', 'onder', 'ja', 'eens', 'hier', 'wie', 'werd', 'altijd', 'doch', 'wordt', 'wezen', 'kunnen', 'ons', 'zelf', 'tegen', 'na', 'reeds', 'wil', 'kon', 'niets', 'uw', 'iemand', 'geweest', 'andere']",0.8875
7,0.1,False,True,True,True,"(1, 2)","['de', 'en', 'van', 'ik', 'te', 'dat', 'die', 'in', 'een', 'hij', 'het', 'niet', 'zijn', 'is', 'was', 'op', 'aan', 'met', 'als', 'voor', 'had', 'er', 'maar', 'om', 'hem', 'dan', 'zou', 'of', 'wat', 'mijn', 'men', 'dit', 'zo', 'door', 'over', 'ze', 'zich', 'bij', 'ook', 'tot', 'je', 'mij', 'uit', 'der', 'daar', 'haar', 'naar', 'heb', 'hoe', 'heeft', 'hebben', 'deze', 'u', 'want', 'nog', 'zal', 'me', 'zij', 'nu', 'ge', 'geen', 'omdat', 'iets', 'worden', 'toch', 'al', 'waren', 'veel', 'meer', 'doen', 'toen', 'moet', 'ben', 'zonder', 'kan', 'hun', 'dus', 'alles', 'onder', 'ja', 'eens', 'hier', 'wie', 'werd', 'altijd', 'doch', 'wordt', 'wezen', 'kunnen', 'ons', 'zelf', 'tegen', 'na', 'reeds', 'wil', 'kon', 'niets', 'uw', 'iemand', 'geweest', 'andere']",0.8875
8,0.1,False,True,True,True,"(1, 2)","['de', 'en', 'van', 'ik', 'te', 'dat', 'die', 'in', 'een', 'hij', 'het', 'niet', 'zijn', 'is', 'was', 'op', 'aan', 'met', 'als', 'voor', 'had', 'er', 'maar', 'om', 'hem', 'dan', 'zou', 'of', 'wat', 'mijn', 'men', 'dit', 'zo', 'door', 'over', 'ze', 'zich', 'bij', 'ook', 'tot', 'je', 'mij', 'uit', 'der', 'daar', 'haar', 'naar', 'heb', 'hoe', 'heeft', 'hebben', 'deze', 'u', 'want', 'nog', 'zal', 'me', 'zij', 'nu', 'ge', 'geen', 'omdat', 'iets', 'worden', 'toch', 'al', 'waren', 'veel', 'meer', 'doen', 'toen', 'moet', 'ben', 'zonder', 'kan', 'hun', 'dus', 'alles', 'onder', 'ja', 'eens', 'hier', 'wie', 'werd', 'altijd', 'doch', 'wordt', 'wezen', 'kunnen', 'ons', 'zelf', 'tegen', 'na', 'reeds', 'wil', 'kon', 'niets', 'uw', 'iemand', 'geweest', 'andere']",0.8875
9,0.1,False,True,True,True,"(1, 2)","['de', 'en', 'van', 'ik', 'te', 'dat', 'die', 'in', 'een', 'hij', 'het', 'niet', 'zijn', 'is', 'was', 'op', 'aan', 'met', 'als', 'voor', 'had', 'er', 'maar', 'om', 'hem', 'dan', 'zou', 'of', 'wat', 'mijn', 'men', 'dit', 'zo', 'door', 'over', 'ze', 'zich', 'bij', 'ook', 'tot', 'je', 'mij', 'uit', 'der', 'daar', 'haar', 'naar', 'heb', 'hoe', 'heeft', 'hebben', 'deze', 'u', 'want', 'nog', 'zal', 'me', 'zij', 'nu', 'ge', 'geen', 'omdat', 'iets', 'worden', 'toch', 'al', 'waren', 'veel', 'meer', 'doen', 'toen', 'moet', 'ben', 'zonder', 'kan', 'hun', 'dus', 'alles', 'onder', 'ja', 'eens', 'hier', 'wie', 'werd', 'altijd', 'doch', 'wordt', 'wezen', 'kunnen', 'ons', 'zelf', 'tegen', 'na', 'reeds', 'wil', 'kon', 'niets', 'uw', 'iemand', 'geweest', 'andere']",0.8875
10,0.1,False,True,True,True,"(1, 2)","['de', 'en', 'van', 'ik', 'te', 'dat', 'die', 'in', 'een', 'hij', 'het', 'niet', 'zijn', 'is', 'was', 'op', 'aan', 'met', 'als', 'voor', 'had', 'er', 'maar', 'om', 'hem', 'dan', 'zou', 'of', 'wat', 'mijn', 'men', 'dit', 'zo', 'door', 'over', 'ze', 'zich', 'bij', 'ook', 'tot', 'je', 'mij', 'uit', 'der', 'daar', 'haar', 'naar', 'heb', 'hoe', 'heeft', 'hebben', 'deze', 'u', 'want', 'nog', 'zal', 'me', 'zij', 'nu', 'ge', 'geen', 'omdat', 'iets', 'worden', 'toch', 'al', 'waren', 'veel', 'meer', 'doen', 'toen', 'moet', 'ben', 'zonder', 'kan', 'hun', 'dus', 'alles', 'onder', 'ja', 'eens', 'hier', 'wie', 'werd', 'altijd', 'doch', 'wordt', 'wezen', 'kunnen', 'ons', 'zelf', 'tegen', 'na', 'reeds', 'wil', 'kon', 'niets', 'uw', 'iemand', 'geweest', 'andere']",0.8875
11,0.1,False,True,True,True,"(1, 2)","['de', 'en', 'van', 'ik', 'te', 'dat', 'die', 'in', 'een', 'hij', 'het', 'niet', 'zijn', 'is', 'was', 'op', 'aan', 'met', 'als', 'voor', 'had', 'er', 'maar', 'om', 'hem', 'dan', 'zou', 'of', 'wat', 'mijn', 'men', 'dit', 'zo', 'door', 'over', 'ze', 'zich', 'bij', 'ook', 'tot', 'je', 'mij', 'uit', 'der', 'daar', 'haar', 'naar', 'heb', 'hoe', 'heeft', 'hebben', 'deze', 'u', 'want', 'nog', 'zal', 'me', 'zij', 'nu', 'ge', 'geen', 'omdat', 'iets', 'worden', 'toch', 'al', 'waren', 'veel', 'meer', 'doen', 'toen', 'moet', 'ben', 'zonder', 'kan', 'hun', 'dus', 'alles', 'onder', 'ja', 'eens', 'hier', 'wie', 'werd', 'altijd', 'doch', 'wordt', 'wezen', 'kunnen', 'ons', 'zelf', 'tegen', 'na', 'reeds', 'wil', 'kon', 'niets', 'uw', 'iemand', 'geweest', 'andere']",0.8875
12,0.1,False,True,True,True,"(1, 2)","['de', 'en', 'van', 'ik', 'te', 'dat', 'die', 'in', 'een', 'hij', 'het', 'niet', 'zijn', 'is', 'was', 'op', 'aan', 'met', 'als', 'voor', 'had', 'er', 'maar', 'om', 'hem', 'dan', 'zou', 'of', 'wat', 'mijn', 'men', 'dit', 'zo', 'door', 'over', 'ze', 'zich', 'bij', 'ook', 'tot', 'je', 'mij', 'uit', 'der', 'daar', 'haar', 'naar', 'heb', 'hoe', 'heeft', 'hebben', 'deze', 'u', 'want', 'nog', 'zal', 'me', 'zij', 'nu', 'ge', 'geen', 'omdat', 'iets', 'worden', 'toch', 'al', 'waren', 'veel', 'meer', 'doen', 'toen', 'moet', 'ben', 'zonder', 'kan', 'hun', 'dus', 'alles', 'onder', 'ja', 'eens', 'hier', 'wie', 'werd', 'altijd', 'doch', 'wordt', 'wezen', 'kunnen', 'ons', 'zelf', 'tegen', 'na', 'reeds', 'wil', 'kon', 'niets', 'uw', 'iemand', 'geweest', 'andere']",0.8875
13,0.1,False,True,True,True,"(1, 2)","['de', 'en', 'van', 'ik', 'te', 'dat', 'die', 'in', 'een', 'hij', 'het', 'niet', 'zijn', 'is', 'was', 'op', 'aan', 'met', 'als', 'voor', 'had', 'er', 'maar', 'om', 'hem', 'dan', 'zou', 'of', 'wat', 'mijn', 'men', 'dit', 'zo', 'door', 'over', 'ze', 'zich', 'bij', 'ook', 'tot', 'je', 'mij', 'uit', 'der', 'daar', 'haar', 'naar', 'heb', 'hoe', 'heeft', 'hebben', 'deze', 'u', 'want', 'nog', 'zal', 'me', 'zij', 'nu', 'ge', 'geen', 'omdat', 'iets', 'worden', 'toch', 'al', 'waren', 'veel', 'meer', 'doen', 'toen', 'moet', 'ben', 'zonder', 'kan', 'hun', 'dus', 'alles', 'onder', 'ja', 'eens', 'hier', 'wie', 'werd', 'altijd', 'doch', 'wordt', 'wezen', 'kunnen', 'ons', 'zelf', 'tegen', 'na', 'reeds', 'wil', 'kon', 'niets', 'uw', 'iemand', 'geweest', 'andere']",0.8875
14,0.1,False,True,True,True,"(1, 2)","['de', 'en', 'van', 'ik', 'te', 'dat', 'die', 'in', 'een', 'hij', 'het', 'niet', 'zijn', 'is', 'was', 'op', 'aan', 'met', 'als', 'voor', 'had', 'er', 'maar', 'om', 'hem', 'dan', 'zou', 'of', 'wat', 'mijn', 'men', 'dit', 'zo', 'door', 'over', 'ze', 'zich', 'bij', 'ook', 'tot', 'je', 'mij', 'uit', 'der', 'daar', 'haar', 'naar', 'heb', 'hoe', 'heeft', 'hebben', 'deze', 'u', 'want', 'nog', 'zal', 'me', 'zij', 'nu', 'ge', 'geen', 'omdat', 'iets', 'worden', 'toch', 'al', 'waren', 'veel', 'meer', 'doen', 'toen', 'moet', 'ben', 'zonder', 'kan', 'hun', 'dus', 'alles', 'onder', 'ja', 'eens', 'hier', 'wie', 'werd', 'altijd', 'doch', 'wordt', 'wezen', 'kunnen', 'ons', 'zelf', 'tegen', 'na', 'reeds', 'wil', 'kon', 'niets', 'uw', 'iemand', 'geweest', 'andere']",0.8875
15,0.1,False,True,True,True,"(1, 2)","['de', 'en', 'van', 'ik', 'te', 'dat', 'die', 'in', 'een', 'hij', 'het', 'niet', 'zijn', 'is', 'was', 'op', 'aan', 'met', 'als', 'voor', 'had', 'er', 'maar', 'om', 'hem', 'dan', 'zou', 'of', 'wat', 'mijn', 'men', 'dit', 'zo', 'door', 'over', 'ze', 'zich', 'bij', 'ook', 'tot', 'je', 'mij', 'uit', 'der', 'daar', 'haar', 'naar', 'heb', 'hoe', 'heeft', 'hebben', 'deze', 'u', 'want', 'nog', 'zal', 'me', 'zij', 'nu', 'ge', 'geen', 'omdat', 'iets', 'worden', 'toch', 'al', 'waren', 'veel', 'meer', 'doen', 'toen', 'moet', 'ben', 'zonder', 'kan', 'hun', 'dus', 'alles', 'onder', 'ja', 'eens', 'hier', 'wie', 'werd', 'altijd', 'doch', 'wordt', 'wezen', 'kunnen', 'ons', 'zelf', 'tegen', 'na', 'reeds', 'wil', 'kon', 'niets', 'uw', 'iemand', 'geweest', 'andere']",0.8875
16,0.1,False,True,True,True,"(1, 2)","['de', 'en', 'van', 'ik', 'te', 'dat', 'die', 'in', 'een', 'hij', 'het', 'niet', 'zijn', 'is', 'was', 'op', 'aan', 'met', 'als', 'voor', 'had', 'er', 'maar', 'om', 'hem', 'dan', 'zou', 'of', 'wat', 'mijn', 'men', 'dit', 'zo', 'door', 'over', 'ze', 'zich', 'bij', 'ook', 'tot', 'je', 'mij', 'uit', 'der', 'daar', 'haar', 'naar', 'heb', 'hoe', 'heeft', 'hebben', 'deze', 'u', 'want', 'nog', 'zal', 'me', 'zij', 'nu', 'ge', 'geen', 'omdat', 'iets', 'worden', 'toch', 'al', 'waren', 'veel', 'meer', 'doen', 'toen', 'moet', 'ben', 'zonder', 'kan', 'hun', 'dus', 'alles', 'onder', 'ja', 'eens', 'hier', 'wie', 'werd', 'altijd', 'doch', 'wordt', 'wezen', 'kunnen', 'ons', 'zelf', 'tegen', 'na', 'reeds', 'wil', 'kon', 'niets', 'uw', 'iemand', 'geweest', 'andere']",0.8875
17,0.1,False,True,True,True,"(1, 2)","['de', 'en', 'van', 'ik', 'te', 'dat', 'die', 'in', 'een', 'hij', 'het', 'niet', 'zijn', 'is', 'was', 'op', 'aan', 'met', 'als', 'voor', 'had', 'er', 'maar', 'om', 'hem', 'dan', 'zou', 'of', 'wat', 'mijn', 'men', 'dit', 'zo', 'door', 'over', 'ze', 'zich', 'bij', 'ook', 'tot', 'je', 'mij', 'uit', 'der', 'daar', 'haar', 'naar', 'heb', 'hoe', 'heeft', 'hebben', 'deze', 'u', 'want', 'nog', 'zal', 'me', 'zij', 'nu', 'ge', 'geen', 'omdat', 'iets', 'worden', 'toch', 'al', 'waren', 'veel', 'meer', 'doen', 'toen', 'moet', 'ben', 'zonder', 'kan', 'hun', 'dus', 'alles', 'onder', 'ja', 'eens', 'hier', 'wie', 'werd', 'altijd', 'doch', 'wordt', 'wezen', 'kunnen', 'ons', 'zelf', 'tegen', 'na', 'reeds', 'wil', 'kon', 'niets', 'uw', 'iemand', 'geweest', 'andere']",0.8875
18,0.1,False,True,True,True,"(1, 2)","['de', 'en', 'van', 'ik', 'te', 'dat', 'die', 'in', 'een', 'hij', 'het', 'niet', 'zijn', 'is', 'was', 'op', 'aan', 'met', 'als', 'voor', 'had', 'er', 'maar', 'om', 'hem', 'dan', 'zou', 'of', 'wat', 'mijn', 'men', 'dit', 'zo', 'door', 'over', 'ze', 'zich', 'bij', 'ook', 'tot', 'je', 'mij', 'uit', 'der', 'daar', 'haar', 'naar', 'heb', 'hoe', 'heeft', 'hebben', 'deze', 'u', 'want', 'nog', 'zal', 'me', 'zij', 'nu', 'ge', 'geen', 'omdat', 'iets', 'worden', 'toch', 'al', 'waren', 'veel', 'meer', 'doen', 'toen', 'moet', 'ben', 'zonder', 'kan', 'hun', 'dus', 'alles', 'onder', 'ja', 'eens', 'hier', 'wie', 'werd', 'altijd', 'doch', 'wordt', 'wezen', 'kunnen', 'ons', 'zelf', 'tegen', 'na', 'reeds', 'wil', 'kon', 'niets', 'uw', 'iemand', 'geweest', 'andere']",0.8875
19,0.1,False,True,True,True,"(1, 2)","['de', 'en', 'van', 'ik', 'te', 'dat', 'die', 'in', 'een', 'hij', 'het', 'niet', 'zijn', 'is', 'was', 'op', 'aan', 'met', 'als', 'voor', 'had', 'er', 'maar', 'om', 'hem', 'dan', 'zou', 'of', 'wat', 'mijn', 'men', 'dit', 'zo', 'door', 'over', 'ze', 'zich', 'bij', 'ook', 'tot', 'je', 'mij', 'uit', 'der', 'daar', 'haar', 'naar', 'heb', 'hoe', 'heeft', 'hebben', 'deze', 'u', 'want', 'nog', 'zal', 'me', 'zij', 'nu', 'ge', 'geen', 'omdat', 'iets', 'worden', 'toch', 'al', 'waren', 'veel', 'meer', 'doen', 'toen', 'moet', 'ben', 'zonder', 'kan', 'hun', 'dus', 'alles', 'onder', 'ja', 'eens', 'hier', 'wie', 'werd', 'altijd', 'doch', 'wordt', 'wezen', 'kunnen', 'ons', 'zelf', 'tegen', 'na', 'reeds', 'wil', 'kon', 'niets', 'uw', 'iemand', 'geweest', 'andere']",0.8875
20,0.1,False,True,True,True,"(1, 2)","['de', 'en', 'van', 'ik', 'te', 'dat', 'die', 'in', 'een', 'hij', 'het', 'niet', 'zijn', 'is', 'was', 'op', 'aan', 'met', 'als', 'voor', 'had', 'er', 'maar', 'om', 'hem', 'dan', 'zou', 'of', 'wat', 'mijn', 'men', 'dit', 'zo', 'door', 'over', 'ze', 'zich', 'bij', 'ook', 'tot', 'je', 'mij', 'uit', 'der', 'daar', 'haar', 'naar', 'heb', 'hoe', 'heeft', 'hebben', 'deze', 'u', 'want', 'nog', 'zal', 'me', 'zij', 'nu', 'ge', 'geen', 'omdat', 'iets', 'worden', 'toch', 'al', 'waren', 'veel', 'meer', 'doen', 'toen', 'moet', 'ben', 'zonder', 'kan', 'hun', 'dus', 'alles', 'onder', 'ja', 'eens', 'hier', 'wie', 'werd', 'altijd', 'doch', 'wordt', 'wezen', 'kunnen', 'ons', 'zelf', 'tegen', 'na', 'reeds', 'wil', 'kon', 'niets', 'uw', 'iemand', 'geweest', 'andere']",0.8875
21,0.1,False,True,True,True,"(1, 2)","['de', 'en', 'van', 'ik', 'te', 'dat', 'die', 'in', 'een', 'hij', 'het', 'niet', 'zijn', 'is', 'was', 'op', 'aan', 'met', 'als', 'voor', 'had', 'er', 'maar', 'om', 'hem', 'dan', 'zou', 'of', 'wat', 'mijn', 'men', 'dit', 'zo', 'door', 'over', 'ze', 'zich', 'bij', 'ook', 'tot', 'je', 'mij', 'uit', 'der', 'daar', 'haar', 'naar', 'heb', 'hoe', 'heeft', 'hebben', 'deze', 'u', 'want', 'nog', 'zal', 'me', 'zij', 'nu', 'ge', 'geen', 'omdat', 'iets', 'worden', 'toch', 'al', 'waren', 'veel', 'meer', 'doen', 'toen', 'moet', 'ben', 'zonder', 'kan', 'hun', 'dus', 'alles', 'onder', 'ja', 'eens', 'hier', 'wie', 'werd', 'altijd', 'doch', 'wordt', 'wezen', 'kunnen', 'ons', 'zelf', 'tegen', 'na', 'reeds', 'wil', 'kon', 'niets', 'uw', 'iemand', 'geweest', 'andere']",0.8875
22,0.1,False,True,True,True,"(1, 2)","['de', 'en', 'van', 'ik', 'te', 'dat', 'die', 'in', 'een', 'hij', 'het', 'niet', 'zijn', 'is', 'was', 'op', 'aan', 'met', 'als', 'voor', 'had', 'er', 'maar', 'om', 'hem', 'dan', 'zou', 'of', 'wat', 'mijn', 'men', 'dit', 'zo', 'door', 'over', 'ze', 'zich', 'bij', 'ook', 'tot', 'je', 'mij', 'uit', 'der', 'daar', 'haar', 'naar', 'heb', 'hoe', 'heeft', 'hebben', 'deze', 'u', 'want', 'nog', 'zal', 'me', 'zij', 'nu', 'ge', 'geen', 'omdat', 'iets', 'worden', 'toch', 'al', 'waren', 'veel', 'meer', 'doen', 'toen', 'moet', 'ben', 'zonder', 'kan', 'hun', 'dus', 'alles', 'onder', 'ja', 'eens', 'hier', 'wie', 'werd', 'altijd', 'doch', 'wordt', 'wezen', 'kunnen', 'ons', 'zelf', 'tegen', 'na', 'reeds', 'wil', 'kon', 'niets', 'uw', 'iemand', 'geweest', 'andere']",0.8875
23,0.1,False,True,True,True,"(1, 2)","['de', 'en', 'van', 'ik', 'te', 'dat', 'die', 'in', 'een', 'hij', 'het', 'niet', 'zijn', 'is', 'was', 'op', 'aan', 'met', 'als', 'voor', 'had', 'er', 'maar', 'om', 'hem', 'dan', 'zou', 'of', 'wat', 'mijn', 'men', 'dit', 'zo', 'door', 'over', 'ze', 'zich', 'bij', 'ook', 'tot', 'je', 'mij', 'uit', 'der', 'daar', 'haar', 'naar', 'heb', 'hoe', 'heeft', 'hebben', 'deze', 'u', 'want', 'nog', 'zal', 'me', 'zij', 'nu', 'ge', 'geen', 'omdat', 'iets', 'worden', 'toch', 'al', 'waren', 'veel', 'meer', 'doen', 'toen', 'moet', 'ben', 'zonder', 'kan', 'hun', 'dus', 'alles', 'onder', 'ja', 'eens', 'hier', 'wie', 'werd', 'altijd', 'doch', 'wordt', 'wezen', 'kunnen', 'ons', 'zelf', 'tegen', 'na', 'reeds', 'wil', 'kon', 'niets', 'uw', 'iemand', 'geweest', 'andere']",0.8875
24,0.1,False,True,True,True,"(1, 2)","['de', 'en', 'van', 'ik', 'te', 'dat', 'die', 'in', 'een', 'hij', 'het', 'niet', 'zijn', 'is', 'was', 'op', 'aan', 'met', 'als', 'voor', 'had', 'er', 'maar', 'om', 'hem', 'dan', 'zou', 'of', 'wat', 'mijn', 'men', 'dit', 'zo', 'door', 'over', 'ze', 'zich', 'bij', 'ook', 'tot', 'je', 'mij', 'uit', 'der', 'daar', 'haar', 'naar', 'heb', 'hoe', 'heeft', 'hebben', 'deze', 'u', 'want', 'nog', 'zal', 'me', 'zij', 'nu', 'ge', 'geen', 'omdat', 'iets', 'worden', 'toch', 'al', 'waren', 'veel', 'meer', 'doen', 'toen', 'moet', 'ben', 'zonder', 'kan', 'hun', 'dus', 'alles', 'onder', 'ja', 'eens', 'hier', 'wie', 'werd', 'altijd', 'doch', 'wordt', 'wezen', 'kunnen', 'ons', 'zelf', 'tegen', 'na', 'reeds', 'wil', 'kon', 'niets', 'uw', 'iemand', 'geweest', 'andere']",0.8875
25,0.1,False,True,True,True,"(1, 2)","['de', 'en', 'van', 'ik', 'te', 'dat', 'die', 'in', 'een', 'hij', 'het', 'niet', 'zijn', 'is', 'was', 'op', 'aan', 'met', 'als', 'voor', 'had', 'er', 'maar', 'om', 'hem', 'dan', 'zou', 'of', 'wat', 'mijn', 'men', 'dit', 'zo', 'door', 'over', 'ze', 'zich', 'bij', 'ook', 'tot', 'je', 'mij', 'uit', 'der', 'daar', 'haar', 'naar', 'heb', 'hoe', 'heeft', 'hebben', 'deze', 'u', 'want', 'nog', 'zal', 'me', 'zij', 'nu', 'ge', 'geen', 'omdat', 'iets', 'worden', 'toch', 'al', 'waren', 'veel', 'meer', 'doen', 'toen', 'moet', 'ben', 'zonder', 'kan', 'hun', 'dus', 'alles', 'onder', 'ja', 'eens', 'hier', 'wie', 'werd', 'altijd', 'doch', 'wordt', 'wezen', 'kunnen', 'ons', 'zelf', 'tegen', 'na', 'reeds', 'wil', 'kon', 'niets', 'uw', 'iemand', 'geweest', 'andere']",0.8875
26,0.1,False,True,True,True,"(1, 2)","['de', 'en', 'van', 'ik', 'te', 'dat', 'die', 'in', 'een', 'hij', 'het', 'niet', 'zijn', 'is', 'was', 'op', 'aan', 'met', 'als', 'voor', 'had', 'er', 'maar', 'om', 'hem', 'dan', 'zou', 'of', 'wat', 'mijn', 'men', 'dit', 'zo', 'door', 'over', 'ze', 'zich', 'bij', 'ook', 'tot', 'je', 'mij', 'uit', 'der', 'daar', 'haar', 'naar', 'heb', 'hoe', 'heeft', 'hebben', 'deze', 'u', 'want', 'nog', 'zal', 'me', 'zij', 'nu', 'ge', 'geen', 'omdat', 'iets', 'worden', 'toch', 'al', 'waren', 'veel', 'meer', 'doen', 'toen', 'moet', 'ben', 'zonder', 'kan', 'hun', 'dus', 'alles', 'onder', 'ja', 'eens', 'hier', 'wie', 'werd', 'altijd', 'doch', 'wordt', 'wezen', 'kunnen', 'ons', 'zelf', 'tegen', 'na', 'reeds', 'wil', 'kon', 'niets', 'uw', 'iemand', 'geweest', 'andere']",0.8875
27,0.1,False,True,True,True,"(1, 2)","['de', 'en', 'van', 'ik', 'te', 'dat', 'die', 'in', 'een', 'hij', 'het', 'niet', 'zijn', 'is', 'was', 'op', 'aan', 'met', 'als', 'voor', 'had', 'er', 'maar', 'om', 'hem', 'dan', 'zou', 'of', 'wat', 'mijn', 'men', 'dit', 'zo', 'door', 'over', 'ze', 'zich', 'bij', 'ook', 'tot', 'je', 'mij', 'uit', 'der', 'daar', 'haar', 'naar', 'heb', 'hoe', 'heeft', 'hebben', 'deze', 'u', 'want', 'nog', 'zal', 'me', 'zij', 'nu', 'ge', 'geen', 'omdat', 'iets', 'worden', 'toch', 'al', 'waren', 'veel', 'meer', 'doen', 'toen', 'moet', 'ben', 'zonder', 'kan', 'hun', 'dus', 'alles', 'onder', 'ja', 'eens', 'hier', 'wie', 'werd', 'altijd', 'doch', 'wordt', 'wezen', 'kunnen', 'ons', 'zelf', 'tegen', 'na', 'reeds', 'wil', 'kon', 'niets', 'uw', 'iemand', 'geweest', 'andere']",0.8875
28,0.1,False,True,True,True,"(1, 2)","['de', 'en', 'van', 'ik', 'te', 'dat', 'die', 'in', 'een', 'hij', 'het', 'niet', 'zijn', 'is', 'was', 'op', 'aan', 'met', 'als', 'voor', 'had', 'er', 'maar', 'om', 'hem', 'dan', 'zou', 'of', 'wat', 'mijn', 'men', 'dit', 'zo', 'door', 'over', 'ze', 'zich', 'bij', 'ook', 'tot', 'je', 'mij', 'uit', 'der', 'daar', 'haar', 'naar', 'heb', 'hoe', 'heeft', 'hebben', 'deze', 'u', 'want', 'nog', 'zal', 'me', 'zij', 'nu', 'ge', 'geen', 'omdat', 'iets', 'worden', 'toch', 'al', 'waren', 'veel', 'meer', 'doen', 'toen', 'moet', 'ben', 'zonder', 'kan', 'hun', 'dus', 'alles', 'onder', 'ja', 'eens', 'hier', 'wie', 'werd', 'altijd', 'doch', 'wordt', 'wezen', 'kunnen', 'ons', 'zelf', 'tegen', 'na', 'reeds', 'wil', 'kon', 'niets', 'uw', 'iemand', 'geweest', 'andere']",0.8875
29,0.1,False,True,True,True,"(1, 2)","['de', 'en', 'van', 'ik', 'te', 'dat', 'die', 'in', 'een', 'hij', 'het', 'niet', 'zijn', 'is', 'was', 'op', 'aan', 'met', 'als', 'voor', 'had', 'er', 'maar', 'om', 'hem', 'dan', 'zou', 'of', 'wat', 'mijn', 'men', 'dit', 'zo', 'door', 'over', 'ze', 'zich', 'bij', 'ook', 'tot', 'je', 'mij', 'uit', 'der', 'daar', 'haar', 'naar', 'heb', 'hoe', 'heeft', 'hebben', 'deze', 'u', 'want', 'nog', 'zal', 'me', 'zij', 'nu', 'ge', 'geen', 'omdat', 'iets', 'worden', 'toch', 'al', 'waren', 'veel', 'meer', 'doen', 'toen', 'moet', 'ben', 'zonder', 'kan', 'hun', 'dus', 'alles', 'onder', 'ja', 'eens', 'hier', 'wie', 'werd', 'altijd', 'doch', 'wordt', 'wezen', 'kunnen', 'ons', 'zelf', 'tegen', 'na', 'reeds', 'wil', 'kon', 'niets', 'uw', 'iemand', 'geweest', 'andere']",0.8875
30,0.1,False,True,True,True,"(1, 2)","['de', 'en', 'van', 'ik', 'te', 'dat', 'die', 'in', 'een', 'hij', 'het', 'niet', 'zijn', 'is', 'was', 'op', 'aan', 'met', 'als', 'voor', 'had', 'er', 'maar', 'om', 'hem', 'dan', 'zou', 'of', 'wat', 'mijn', 'men', 'dit', 'zo', 'door', 'over', 'ze', 'zich', 'bij', 'ook', 'tot', 'je', 'mij', 'uit', 'der', 'daar', 'haar', 'naar', 'heb', 'hoe', 'heeft', 'hebben', 'deze', 'u', 'want', 'nog', 'zal', 'me', 'zij', 'nu', 'ge', 'geen', 'omdat', 'iets', 'worden', 'toch', 'al', 'waren', 'veel', 'meer', 'doen', 'toen', 'moet', 'ben', 'zonder', 'kan', 'hun', 'dus', 'alles', 'onder', 'ja', 'eens', 'hier', 'wie', 'werd', 'altijd', 'doch', 'wordt', 'wezen', 'kunnen', 'ons', 'zelf', 'tegen', 'na', 'reeds', 'wil', 'kon', 'niets', 'uw', 'iemand', 'geweest', 'andere']",0.8875
31,0.1,False,True,True,True,"(1, 2)","['de', 'en', 'van', 'ik', 'te', 'dat', 'die', 'in', 'een', 'hij', 'het', 'niet', 'zijn', 'is', 'was', 'op', 'aan', 'met', 'als', 'voor', 'had', 'er', 'maar', 'om', 'hem', 'dan', 'zou', 'of', 'wat', 'mijn', 'men', 'dit', 'zo', 'door', 'over', 'ze', 'zich', 'bij', 'ook', 'tot', 'je', 'mij', 'uit', 'der', 'daar', 'haar', 'naar', 'heb', 'hoe', 'heeft', 'hebben', 'deze', 'u', 'want', 'nog', 'zal', 'me', 'zij', 'nu', 'ge', 'geen', 'omdat', 'iets', 'worden', 'toch', 'al', 'waren', 'veel', 'meer', 'doen', 'toen', 'moet', 'ben', 'zonder', 'kan', 'hun', 'dus', 'alles', 'onder', 'ja', 'eens', 'hier', 'wie', 'werd', 'altijd', 'doch', 'wordt', 'wezen', 'kunnen', 'ons', 'zelf', 'tegen', 'na', 'reeds', 'wil', 'kon', 'niets', 'uw', 'iemand', 'geweest', 'andere']",0.8875
32,0.1,False,True,True,True,"(1, 2)","['de', 'en', 'van', 'ik', 'te', 'dat', 'die', 'in', 'een', 'hij', 'het', 'niet', 'zijn', 'is', 'was', 'op', 'aan', 'met', 'als', 'voor', 'had', 'er', 'maar', 'om', 'hem', 'dan', 'zou', 'of', 'wat', 'mijn', 'men', 'dit', 'zo', 'door', 'over', 'ze', 'zich', 'bij', 'ook', 'tot', 'je', 'mij', 'uit', 'der', 'daar', 'haar', 'naar', 'heb', 'hoe', 'heeft', 'hebben', 'deze', 'u', 'want', 'nog', 'zal', 'me', 'zij', 'nu', 'ge', 'geen', 'omdat', 'iets', 'worden', 'toch', 'al', 'waren', 'veel', 'meer', 'doen', 'toen', 'moet', 'ben', 'zonder', 'kan', 'hun', 'dus', 'alles', 'onder', 'ja', 'eens', 'hier', 'wie', 'werd', 'altijd', 'doch', 'wordt', 'wezen', 'kunnen', 'ons', 'zelf', 'tegen', 'na', 'reeds', 'wil', 'kon', 'niets', 'uw', 'iemand', 'geweest', 'andere']",0.8875
33,0.1,False,True,True,True,"(1, 2)","['de', 'en', 'van', 'ik', 'te', 'dat', 'die', 'in', 'een', 'hij', 'het', 'niet', 'zijn', 'is', 'was', 'op', 'aan', 'met', 'als', 'voor', 'had', 'er', 'maar', 'om', 'hem', 'dan', 'zou', 'of', 'wat', 'mijn', 'men', 'dit', 'zo', 'door', 'over', 'ze', 'zich', 'bij', 'ook', 'tot', 'je', 'mij', 'uit', 'der', 'daar', 'haar', 'naar', 'heb', 'hoe', 'heeft', 'hebben', 'deze', 'u', 'want', 'nog', 'zal', 'me', 'zij', 'nu', 'ge', 'geen', 'omdat', 'iets', 'worden', 'toch', 'al', 'waren', 'veel', 'meer', 'doen', 'toen', 'moet', 'ben', 'zonder', 'kan', 'hun', 'dus', 'alles', 'onder', 'ja', 'eens', 'hier', 'wie', 'werd', 'altijd', 'doch', 'wordt', 'wezen', 'kunnen', 'ons', 'zelf', 'tegen', 'na', 'reeds', 'wil', 'kon', 'niets', 'uw', 'iemand', 'geweest', 'andere']",0.8875
34,0.1,False,True,True,True,"(1, 2)","['de', 'en', 'van', 'ik', 'te', 'dat', 'die', 'in', 'een', 'hij', 'het', 'niet', 'zijn', 'is', 'was', 'op', 'aan', 'met', 'als', 'voor', 'had', 'er', 'maar', 'om', 'hem', 'dan', 'zou', 'of', 'wat', 'mijn', 'men', 'dit', 'zo', 'door', 'over', 'ze', 'zich', 'bij', 'ook', 'tot', 'je', 'mij', 'uit', 'der', 'daar', 'haar', 'naar', 'heb', 'hoe', 'heeft', 'hebben', 'deze', 'u', 'want', 'nog', 'zal', 'me', 'zij', 'nu', 'ge', 'geen', 'omdat', 'iets', 'worden', 'toch', 'al', 'waren', 'veel', 'meer', 'doen', 'toen', 'moet', 'ben', 'zonder', 'kan', 'hun', 'dus', 'alles', 'onder', 'ja', 'eens', 'hier', 'wie', 'werd', 'altijd', 'doch', 'wordt', 'wezen', 'kunnen', 'ons', 'zelf', 'tegen', 'na', 'reeds', 'wil', 'kon', 'niets', 'uw', 'iemand', 'geweest', 'andere']",0.8875
35,0.1,False,True,True,True,"(1, 2)","['de', 'en', 'van', 'ik', 'te', 'dat', 'die', 'in', 'een', 'hij', 'het', 'niet', 'zijn', 'is', 'was', 'op', 'aan', 'met', 'als', 'voor', 'had', 'er', 'maar', 'om', 'hem', 'dan', 'zou', 'of', 'wat', 'mijn', 'men', 'dit', 'zo', 'door', 'over', 'ze', 'zich', 'bij', 'ook', 'tot', 'je', 'mij', 'uit', 'der', 'daar', 'haar', 'naar', 'heb', 'hoe', 'heeft', 'hebben', 'deze', 'u', 'want', 'nog', 'zal', 'me', 'zij', 'nu', 'ge', 'geen', 'omdat', 'iets', 'worden', 'toch', 'al', 'waren', 'veel', 'meer', 'doen', 'toen', 'moet', 'ben', 'zonder', 'kan', 'hun', 'dus', 'alles', 'onder', 'ja', 'eens', 'hier', 'wie', 'werd', 'altijd', 'doch', 'wordt', 'wezen', 'kunnen', 'ons', 'zelf', 'tegen', 'na', 'reeds', 'wil', 'kon', 'niets', 'uw', 'iemand', 'geweest', 'andere']",0.8875
36,0.1,False,True,True,True,"(1, 2)","['de', 'en', 'van', 'ik', 'te', 'dat', 'die', 'in', 'een', 'hij', 'het', 'niet', 'zijn', 'is', 'was', 'op', 'aan', 'met', 'als', 'voor', 'had', 'er', 'maar', 'om', 'hem', 'dan', 'zou', 'of', 'wat', 'mijn', 'men', 'dit', 'zo', 'door', 'over', 'ze', 'zich', 'bij', 'ook', 'tot', 'je', 'mij', 'uit', 'der', 'daar', 'haar', 'naar', 'heb', 'hoe', 'heeft', 'hebben', 'deze', 'u', 'want', 'nog', 'zal', 'me', 'zij', 'nu', 'ge', 'geen', 'omdat', 'iets', 'worden', 'toch', 'al', 'waren', 'veel', 'meer', 'doen', 'toen', 'moet', 'ben', 'zonder', 'kan', 'hun', 'dus', 'alles', 'onder', 'ja', 'eens', 'hier', 'wie', 'werd', 'altijd', 'doch', 'wordt', 'wezen', 'kunnen', 'ons', 'zelf', 'tegen', 'na', 'reeds', 'wil', 'kon', 'niets', 'uw', 'iemand', 'geweest', 'andere']",0.8875
37,0.1,False,True,True,True,"(1, 2)","['de', 'en', 'van', 'ik', 'te', 'dat', 'die', 'in', 'een', 'hij', 'het', 'niet', 'zijn', 'is', 'was', 'op', 'aan', 'met', 'als', 'voor', 'had', 'er', 'maar', 'om', 'hem', 'dan', 'zou', 'of', 'wat', 'mijn', 'men', 'dit', 'zo', 'door', 'over', 'ze', 'zich', 'bij', 'ook', 'tot', 'je', 'mij', 'uit', 'der', 'daar', 'haar', 'naar', 'heb', 'hoe', 'heeft', 'hebben', 'deze', 'u', 'want', 'nog', 'zal', 'me', 'zij', 'nu', 'ge', 'geen', 'omdat', 'iets', 'worden', 'toch', 'al', 'waren', 'veel', 'meer', 'doen', 'toen', 'moet', 'ben', 'zonder', 'kan', 'hun', 'dus', 'alles', 'onder', 'ja', 'eens', 'hier', 'wie', 'werd', 'altijd', 'doch', 'wordt', 'wezen', 'kunnen', 'ons', 'zelf', 'tegen', 'na', 'reeds', 'wil', 'kon', 'niets', 'uw', 'iemand', 'geweest', 'andere']",0.8875
38,0.1,False,True,True,True,"(1, 2)","['de', 'en', 'van', 'ik', 'te', 'dat', 'die', 'in', 'een', 'hij', 'het', 'niet', 'zijn', 'is', 'was', 'op', 'aan', 'met', 'als', 'voor', 'had', 'er', 'maar', 'om', 'hem', 'dan', 'zou', 'of', 'wat', 'mijn', 'men', 'dit', 'zo', 'door', 'over', 'ze', 'zich', 'bij', 'ook', 'tot', 'je', 'mij', 'uit', 'der', 'daar', 'haar', 'naar', 'heb', 'hoe', 'heeft', 'hebben', 'deze', 'u', 'want', 'nog', 'zal', 'me', 'zij', 'nu', 'ge', 'geen', 'omdat', 'iets', 'worden', 'toch', 'al', 'waren', 'veel', 'meer', 'doen', 'toen', 'moet', 'ben', 'zonder', 'kan', 'hun', 'dus', 'alles', 'onder', 'ja', 'eens', 'hier', 'wie', 'werd', 'altijd', 'doch', 'wordt', 'wezen', 'kunnen', 'ons', 'zelf', 'tegen', 'na', 'reeds', 'wil', 'kon', 'niets', 'uw', 'iemand', 'geweest', 'andere']",0.8875
39,0.1,False,True,True,True,"(1, 2)","['de', 'en', 'van', 'ik', 'te', 'dat', 'die', 'in', 'een', 'hij', 'het', 'niet', 'zijn', 'is', 'was', 'op', 'aan', 'met', 'als', 'voor', 'had', 'er', 'maar', 'om', 'hem', 'dan', 'zou', 'of', 'wat', 'mijn', 'men', 'dit', 'zo', 'door', 'over', 'ze', 'zich', 'bij', 'ook', 'tot', 'je', 'mij', 'uit', 'der', 'daar', 'haar', 'naar', 'heb', 'hoe', 'heeft', 'hebben', 'deze', 'u', 'want', 'nog', 'zal', 'me', 'zij', 'nu', 'ge', 'geen', 'omdat', 'iets', 'worden', 'toch', 'al', 'waren', 'veel', 'meer', 'doen', 'toen', 'moet', 'ben', 'zonder', 'kan', 'hun', 'dus', 'alles', 'onder', 'ja', 'eens', 'hier', 'wie', 'werd', 'altijd', 'doch', 'wordt', 'wezen', 'kunnen', 'ons', 'zelf', 'tegen', 'na', 'reeds', 'wil', 'kon', 'niets', 'uw', 'iemand', 'geweest', 'andere']",0.8875
40,0.1,False,True,True,True,"(1, 2)","['de', 'en', 'van', 'ik', 'te', 'dat', 'die', 'in', 'een', 'hij', 'het', 'niet', 'zijn', 'is', 'was', 'op', 'aan', 'met', 'als', 'voor', 'had', 'er', 'maar', 'om', 'hem', 'dan', 'zou', 'of', 'wat', 'mijn', 'men', 'dit', 'zo', 'door', 'over', 'ze', 'zich', 'bij', 'ook', 'tot', 'je', 'mij', 'uit', 'der', 'daar', 'haar', 'naar', 'heb', 'hoe', 'heeft', 'hebben', 'deze', 'u', 'want', 'nog', 'zal', 'me', 'zij', 'nu', 'ge', 'geen', 'omdat', 'iets', 'worden', 'toch', 'al', 'waren', 'veel', 'meer', 'doen', 'toen', 'moet', 'ben', 'zonder', 'kan', 'hun', 'dus', 'alles', 'onder', 'ja', 'eens', 'hier', 'wie', 'werd', 'altijd', 'doch', 'wordt', 'wezen', 'kunnen', 'ons', 'zelf', 'tegen', 'na', 'reeds', 'wil', 'kon', 'niets', 'uw', 'iemand', 'geweest', 'andere']",0.8875
41,0.1,False,True,True,True,"(1, 2)","['de', 'en', 'van', 'ik', 'te', 'dat', 'die', 'in', 'een', 'hij', 'het', 'niet', 'zijn', 'is', 'was', 'op', 'aan', 'met', 'als', 'voor', 'had', 'er', 'maar', 'om', 'hem', 'dan', 'zou', 'of', 'wat', 'mijn', 'men', 'dit', 'zo', 'door', 'over', 'ze', 'zich', 'bij', 'ook', 'tot', 'je', 'mij', 'uit', 'der', 'daar', 'haar', 'naar', 'heb', 'hoe', 'heeft', 'hebben', 'deze', 'u', 'want', 'nog', 'zal', 'me', 'zij', 'nu', 'ge', 'geen', 'omdat', 'iets', 'worden', 'toch', 'al', 'waren', 'veel', 'meer', 'doen', 'toen', 'moet', 'ben', 'zonder', 'kan', 'hun', 'dus', 'alles', 'onder', 'ja', 'eens', 'hier', 'wie', 'werd', 'altijd', 'doch', 'wordt', 'wezen', 'kunnen', 'ons', 'zelf', 'tegen', 'na', 'reeds', 'wil', 'kon', 'niets', 'uw', 'iemand', 'geweest', 'andere']",0.8875
42,0.1,False,True,True,True,"(1, 2)","['de', 'en', 'van', 'ik', 'te', 'dat', 'die', 'in', 'een', 'hij', 'het', 'niet', 'zijn', 'is', 'was', 'op', 'aan', 'met', 'als', 'voor', 'had', 'er', 'maar', 'om', 'hem', 'dan', 'zou', 'of', 'wat', 'mijn', 'men', 'dit', 'zo', 'door', 'over', 'ze', 'zich', 'bij', 'ook', 'tot', 'je', 'mij', 'uit', 'der', 'daar', 'haar', 'naar', 'heb', 'hoe', 'heeft', 'hebben', 'deze', 'u', 'want', 'nog', 'zal', 'me', 'zij', 'nu', 'ge', 'geen', 'omdat', 'iets', 'worden', 'toch', 'al', 'waren', 'veel', 'meer', 'doen', 'toen', 'moet', 'ben', 'zonder', 'kan', 'hun', 'dus', 'alles', 'onder', 'ja', 'eens', 'hier', 'wie', 'werd', 'altijd', 'doch', 'wordt', 'wezen', 'kunnen', 'ons', 'zelf', 'tegen', 'na', 'reeds', 'wil', 'kon', 'niets', 'uw', 'iemand', 'geweest', 'andere']",0.8875
43,0.1,False,True,True,True,"(1, 2)","['de', 'en', 'van', 'ik', 'te', 'dat', 'die', 'in', 'een', 'hij', 'het', 'niet', 'zijn', 'is', 'was', 'op', 'aan', 'met', 'als', 'voor', 'had', 'er', 'maar', 'om', 'hem', 'dan', 'zou', 'of', 'wat', 'mijn', 'men', 'dit', 'zo', 'door', 'over', 'ze', 'zich', 'bij', 'ook', 'tot', 'je', 'mij', 'uit', 'der', 'daar', 'haar', 'naar', 'heb', 'hoe', 'heeft', 'hebben', 'deze', 'u', 'want', 'nog', 'zal', 'me', 'zij', 'nu', 'ge', 'geen', 'omdat', 'iets', 'worden', 'toch', 'al', 'waren', 'veel', 'meer', 'doen', 'toen', 'moet', 'ben', 'zonder', 'kan', 'hun', 'dus', 'alles', 'onder', 'ja', 'eens', 'hier', 'wie', 'werd', 'altijd', 'doch', 'wordt', 'wezen', 'kunnen', 'ons', 'zelf', 'tegen', 'na', 'reeds', 'wil', 'kon', 'niets', 'uw', 'iemand', 'geweest', 'andere']",0.8875
44,0.1,False,True,True,True,"(1, 2)","['de', 'en', 'van', 'ik', 'te', 'dat', 'die', 'in', 'een', 'hij', 'het', 'niet', 'zijn', 'is', 'was', 'op', 'aan', 'met', 'als', 'voor', 'had', 'er', 'maar', 'om', 'hem', 'dan', 'zou', 'of', 'wat', 'mijn', 'men', 'dit', 'zo', 'door', 'over', 'ze', 'zich', 'bij', 'ook', 'tot', 'je', 'mij', 'uit', 'der', 'daar', 'haar', 'naar', 'heb', 'hoe', 'heeft', 'hebben', 'deze', 'u', 'want', 'nog', 'zal', 'me', 'zij', 'nu', 'ge', 'geen', 'omdat', 'iets', 'worden', 'toch', 'al', 'waren', 'veel', 'meer', 'doen', 'toen', 'moet', 'ben', 'zonder', 'kan', 'hun', 'dus', 'alles', 'onder', 'ja', 'eens', 'hier', 'wie', 'werd', 'altijd', 'doch', 'wordt', 'wezen', 'kunnen', 'ons', 'zelf', 'tegen', 'na', 'reeds', 'wil', 'kon', 'niets', 'uw', 'iemand', 'geweest', 'andere']",0.8875
45,0.1,False,True,True,True,"(1, 2)","['de', 'en', 'van', 'ik', 'te', 'dat', 'die', 'in', 'een', 'hij', 'het', 'niet', 'zijn', 'is', 'was', 'op', 'aan', 'met', 'als', 'voor', 'had', 'er', 'maar', 'om', 'hem', 'dan', 'zou', 'of', 'wat', 'mijn', 'men', 'dit', 'zo', 'door', 'over', 'ze', 'zich', 'bij', 'ook', 'tot', 'je', 'mij', 'uit', 'der', 'daar', 'haar', 'naar', 'heb', 'hoe', 'heeft', 'hebben', 'deze', 'u', 'want', 'nog', 'zal', 'me', 'zij', 'nu', 'ge', 'geen', 'omdat', 'iets', 'worden', 'toch', 'al', 'waren', 'veel', 'meer', 'doen', 'toen', 'moet', 'ben', 'zonder', 'kan', 'hun', 'dus', 'alles', 'onder', 'ja', 'eens', 'hier', 'wie', 'werd', 'altijd', 'doch', 'wordt', 'wezen', 'kunnen', 'ons', 'zelf', 'tegen', 'na', 'reeds', 'wil', 'kon', 'niets', 'uw', 'iemand', 'geweest', 'andere']",0.8875
46,0.1,False,True,True,True,"(1, 2)","['de', 'en', 'van', 'ik', 'te', 'dat', 'die', 'in', 'een', 'hij', 'het', 'niet', 'zijn', 'is', 'was', 'op', 'aan', 'met', 'als', 'voor', 'had', 'er', 'maar', 'om', 'hem', 'dan', 'zou', 'of', 'wat', 'mijn', 'men', 'dit', 'zo', 'door', 'over', 'ze', 'zich', 'bij', 'ook', 'tot', 'je', 'mij', 'uit', 'der', 'daar', 'haar', 'naar', 'heb', 'hoe', 'heeft', 'hebben', 'deze', 'u', 'want', 'nog', 'zal', 'me', 'zij', 'nu', 'ge', 'geen', 'omdat', 'iets', 'worden', 'toch', 'al', 'waren', 'veel', 'meer', 'doen', 'toen', 'moet', 'ben', 'zonder', 'kan', 'hun', 'dus', 'alles', 'onder', 'ja', 'eens', 'hier', 'wie', 'werd', 'altijd', 'doch', 'wordt', 'wezen', 'kunnen', 'ons', 'zelf', 'tegen', 'na', 'reeds', 'wil', 'kon', 'niets', 'uw', 'iemand', 'geweest', 'andere']",0.8875
47,0.1,False,True,True,True,"(1, 2)","['de', 'en', 'van', 'ik', 'te', 'dat', 'die', 'in', 'een', 'hij', 'het', 'niet', 'zijn', 'is', 'was', 'op', 'aan', 'met', 'als', 'voor', 'had', 'er', 'maar', 'om', 'hem', 'dan', 'zou', 'of', 'wat', 'mijn', 'men', 'dit', 'zo', 'door', 'over', 'ze', 'zich', 'bij', 'ook', 'tot', 'je', 'mij', 'uit', 'der', 'daar', 'haar', 'naar', 'heb', 'hoe', 'heeft', 'hebben', 'deze', 'u', 'want', 'nog', 'zal', 'me', 'zij', 'nu', 'ge', 'geen', 'omdat', 'iets', 'worden', 'toch', 'al', 'waren', 'veel', 'meer', 'doen', 'toen', 'moet', 'ben', 'zonder', 'kan', 'hun', 'dus', 'alles', 'onder', 'ja', 'eens', 'hier', 'wie', 'werd', 'altijd', 'doch', 'wordt', 'wezen', 'kunnen', 'ons', 'zelf', 'tegen', 'na', 'reeds', 'wil', 'kon', 'niets', 'uw', 'iemand', 'geweest', 'andere']",0.8875
48,0.1,False,True,True,True,"(1, 2)","['de', 'en', 'van', 'ik', 'te', 'dat', 'die', 'in', 'een', 'hij', 'het', 'niet', 'zijn', 'is', 'was', 'op', 'aan', 'met', 'als', 'voor', 'had', 'er', 'maar', 'om', 'hem', 'dan', 'zou', 'of', 'wat', 'mijn', 'men', 'dit', 'zo', 'door', 'over', 'ze', 'zich', 'bij', 'ook', 'tot', 'je', 'mij', 'uit', 'der', 'daar', 'haar', 'naar', 'heb', 'hoe', 'heeft', 'hebben', 'deze', 'u', 'want', 'nog', 'zal', 'me', 'zij', 'nu', 'ge', 'geen', 'omdat', 'iets', 'worden', 'toch', 'al', 'waren', 'veel', 'meer', 'doen', 'toen', 'moet', 'ben', 'zonder', 'kan', 'hun', 'dus', 'alles', 'onder', 'ja', 'eens', 'hier', 'wie', 'werd', 'altijd', 'doch', 'wordt', 'wezen', 'kunnen', 'ons', 'zelf', 'tegen', 'na', 'reeds', 'wil', 'kon', 'niets', 'uw', 'iemand', 'geweest', 'andere']",0.8875
49,0.1,False,True,True,True,"(1, 2)","['de', 'en', 'van', 'ik', 'te', 'dat', 'die', 'in', 'een', 'hij', 'het', 'niet', 'zijn', 'is', 'was', 'op', 'aan', 'met', 'als', 'voor', 'had', 'er', 'maar', 'om', 'hem', 'dan', 'zou', 'of', 'wat', 'mijn', 'men', 'dit', 'zo', 'door', 'over', 'ze', 'zich', 'bij', 'ook', 'tot', 'je', 'mij', 'uit', 'der', 'daar', 'haar', 'naar', 'heb', 'hoe', 'heeft', 'hebben', 'deze', 'u', 'want', 'nog', 'zal', 'me', 'zij', 'nu', 'ge', 'geen', 'omdat', 'iets', 'worden', 'toch', 'al', 'waren', 'veel', 'meer', 'doen', 'toen', 'moet', 'ben', 'zonder', 'kan', 'hun', 'dus', 'alles', 'onder', 'ja', 'eens', 'hier', 'wie', 'werd', 'altijd', 'doch', 'wordt', 'wezen', 'kunnen', 'ons', 'zelf', 'tegen', 'na', 'reeds', 'wil', 'kon', 'niets', 'uw', 'iemand', 'geweest', 'andere']",0.8875
50,0.1,False,True,True,True,"(1, 2)","['de', 'en', 'van', 'ik', 'te', 'dat', 'die', 'in', 'een', 'hij', 'het', 'niet', 'zijn', 'is', 'was', 'op', 'aan', 'met', 'als', 'voor', 'had', 'er', 'maar', 'om', 'hem', 'dan', 'zou', 'of', 'wat', 'mijn', 'men', 'dit', 'zo', 'door', 'over', 'ze', 'zich', 'bij', 'ook', 'tot', 'je', 'mij', 'uit', 'der', 'daar', 'haar', 'naar', 'heb', 'hoe', 'heeft', 'hebben', 'deze', 'u', 'want', 'nog', 'zal', 'me', 'zij', 'nu', 'ge', 'geen', 'omdat', 'iets', 'worden', 'toch', 'al', 'waren', 'veel', 'meer', 'doen', 'toen', 'moet', 'ben', 'zonder', 'kan', 'hun', 'dus', 'alles', 'onder', 'ja', 'eens', 'hier', 'wie', 'werd', 'altijd', 'doch', 'wordt', 'wezen', 'kunnen', 'ons', 'zelf', 'tegen', 'na', 'reeds', 'wil', 'kon', 'niets', 'uw', 'iemand', 'geweest', 'andere']",0.8875
51,0.1,False,True,True,True,"(1, 2)","['de', 'en', 'van', 'ik', 'te', 'dat', 'die', 'in', 'een', 'hij', 'het', 'niet', 'zijn', 'is', 'was', 'op', 'aan', 'met', 'als', 'voor', 'had', 'er', 'maar', 'om', 'hem', 'dan', 'zou', 'of', 'wat', 'mijn', 'men', 'dit', 'zo', 'door', 'over', 'ze', 'zich', 'bij', 'ook', 'tot', 'je', 'mij', 'uit', 'der', 'daar', 'haar', 'naar', 'heb', 'hoe', 'heeft', 'hebben', 'deze', 'u', 'want', 'nog', 'zal', 'me', 'zij', 'nu', 'ge', 'geen', 'omdat', 'iets', 'worden', 'toch', 'al', 'waren', 'veel', 'meer', 'doen', 'toen', 'moet', 'ben', 'zonder', 'kan', 'hun', 'dus', 'alles', 'onder', 'ja', 'eens', 'hier', 'wie', 'werd', 'altijd', 'doch', 'wordt', 'wezen', 'kunnen', 'ons', 'zelf', 'tegen', 'na', 'reeds', 'wil', 'kon', 'niets', 'uw', 'iemand', 'geweest', 'andere']",0.8875
52,0.1,False,True,True,True,"(1, 2)","['de', 'en', 'van', 'ik', 'te', 'dat', 'die', 'in', 'een', 'hij', 'het', 'niet', 'zijn', 'is', 'was', 'op', 'aan', 'met', 'als', 'voor', 'had', 'er', 'maar', 'om', 'hem', 'dan', 'zou', 'of', 'wat', 'mijn', 'men', 'dit', 'zo', 'door', 'over', 'ze', 'zich', 'bij', 'ook', 'tot', 'je', 'mij', 'uit', 'der', 'daar', 'haar', 'naar', 'heb', 'hoe', 'heeft', 'hebben', 'deze', 'u', 'want', 'nog', 'zal', 'me', 'zij', 'nu', 'ge', 'geen', 'omdat', 'iets', 'worden', 'toch', 'al', 'waren', 'veel', 'meer', 'doen', 'toen', 'moet', 'ben', 'zonder', 'kan', 'hun', 'dus', 'alles', 'onder', 'ja', 'eens', 'hier', 'wie', 'werd', 'altijd', 'doch', 'wordt', 'wezen', 'kunnen', 'ons', 'zelf', 'tegen', 'na', 'reeds', 'wil', 'kon', 'niets', 'uw', 'iemand', 'geweest', 'andere']",0.8875
53,0.1,False,True,True,True,"(1, 2)","['de', 'en', 'van', 'ik', 'te', 'dat', 'die', 'in', 'een', 'hij', 'het', 'niet', 'zijn', 'is', 'was', 'op', 'aan', 'met', 'als', 'voor', 'had', 'er', 'maar', 'om', 'hem', 'dan', 'zou', 'of', 'wat', 'mijn', 'men', 'dit', 'zo', 'door', 'over', 'ze', 'zich', 'bij', 'ook', 'tot', 'je', 'mij', 'uit', 'der', 'daar', 'haar', 'naar', 'heb', 'hoe', 'heeft', 'hebben', 'deze', 'u', 'want', 'nog', 'zal', 'me', 'zij', 'nu', 'ge', 'geen', 'omdat', 'iets', 'worden', 'toch', 'al', 'waren', 'veel', 'meer', 'doen', 'toen', 'moet', 'ben', 'zonder', 'kan', 'hun', 'dus', 'alles', 'onder', 'ja', 'eens', 'hier', 'wie', 'werd', 'altijd', 'doch', 'wordt', 'wezen', 'kunnen', 'ons', 'zelf', 'tegen', 'na', 'reeds', 'wil', 'kon', 'niets', 'uw', 'iemand', 'geweest', 'andere']",0.8875
54,0.1,False,True,True,True,"(1, 2)","['de', 'en', 'van', 'ik', 'te', 'dat', 'die', 'in', 'een', 'hij', 'het', 'niet', 'zijn', 'is', 'was', 'op', 'aan', 'met', 'als', 'voor', 'had', 'er', 'maar', 'om', 'hem', 'dan', 'zou', 'of', 'wat', 'mijn', 'men', 'dit', 'zo', 'door', 'over', 'ze', 'zich', 'bij', 'ook', 'tot', 'je', 'mij', 'uit', 'der', 'daar', 'haar', 'naar', 'heb', 'hoe', 'heeft', 'hebben', 'deze', 'u', 'want', 'nog', 'zal', 'me', 'zij', 'nu', 'ge', 'geen', 'omdat', 'iets', 'worden', 'toch', 'al', 'waren', 'veel', 'meer', 'doen', 'toen', 'moet', 'ben', 'zonder', 'kan', 'hun', 'dus', 'alles', 'onder', 'ja', 'eens', 'hier', 'wie', 'werd', 'altijd', 'doch', 'wordt', 'wezen', 'kunnen', 'ons', 'zelf', 'tegen', 'na', 'reeds', 'wil', 'kon', 'niets', 'uw', 'iemand', 'geweest', 'andere']",0.8875
55,0.1,False,True,True,True,"(1, 2)","['de', 'en', 'van', 'ik', 'te', 'dat', 'die', 'in', 'een', 'hij', 'het', 'niet', 'zijn', 'is', 'was', 'op', 'aan', 'met', 'als', 'voor', 'had', 'er', 'maar', 'om', 'hem', 'dan', 'zou', 'of', 'wat', 'mijn', 'men', 'dit', 'zo', 'door', 'over', 'ze', 'zich', 'bij', 'ook', 'tot', 'je', 'mij', 'uit', 'der', 'daar', 'haar', 'naar', 'heb', 'hoe', 'heeft', 'hebben', 'deze', 'u', 'want', 'nog', 'zal', 'me', 'zij', 'nu', 'ge', 'geen', 'omdat', 'iets', 'worden', 'toch', 'al', 'waren', 'veel', 'meer', 'doen', 'toen', 'moet', 'ben', 'zonder', 'kan', 'hun', 'dus', 'alles', 'onder', 'ja', 'eens', 'hier', 'wie', 'werd', 'altijd', 'doch', 'wordt', 'wezen', 'kunnen', 'ons', 'zelf', 'tegen', 'na', 'reeds', 'wil', 'kon', 'niets', 'uw', 'iemand', 'geweest', 'andere']",0.8875
56,0.1,False,True,True,True,"(1, 2)","['de', 'en', 'van', 'ik', 'te', 'dat', 'die', 'in', 'een', 'hij', 'het', 'niet', 'zijn', 'is', 'was', 'op', 'aan', 'met', 'als', 'voor', 'had', 'er', 'maar', 'om', 'hem', 'dan', 'zou', 'of', 'wat', 'mijn', 'men', 'dit', 'zo', 'door', 'over', 'ze', 'zich', 'bij', 'ook', 'tot', 'je', 'mij', 'uit', 'der', 'daar', 'haar', 'naar', 'heb', 'hoe', 'heeft', 'hebben', 'deze', 'u', 'want', 'nog', 'zal', 'me', 'zij', 'nu', 'ge', 'geen', 'omdat', 'iets', 'worden', 'toch', 'al', 'waren', 'veel', 'meer', 'doen', 'toen', 'moet', 'ben', 'zonder', 'kan', 'hun', 'dus', 'alles', 'onder', 'ja', 'eens', 'hier', 'wie', 'werd', 'altijd', 'doch', 'wordt', 'wezen', 'kunnen', 'ons', 'zelf', 'tegen', 'na', 'reeds', 'wil', 'kon', 'niets', 'uw', 'iemand', 'geweest', 'andere']",0.8875
57,0.1,False,True,True,True,"(1, 2)","['de', 'en', 'van', 'ik', 'te', 'dat', 'die', 'in', 'een', 'hij', 'het', 'niet', 'zijn', 'is', 'was', 'op', 'aan', 'met', 'als', 'voor', 'had', 'er', 'maar', 'om', 'hem', 'dan', 'zou', 'of', 'wat', 'mijn', 'men', 'dit', 'zo', 'door', 'over', 'ze', 'zich', 'bij', 'ook', 'tot', 'je', 'mij', 'uit', 'der', 'daar', 'haar', 'naar', 'heb', 'hoe', 'heeft', 'hebben', 'deze', 'u', 'want', 'nog', 'zal', 'me', 'zij', 'nu', 'ge', 'geen', 'omdat', 'iets', 'worden', 'toch', 'al', 'waren', 'veel', 'meer', 'doen', 'toen', 'moet', 'ben', 'zonder', 'kan', 'hun', 'dus', 'alles', 'onder', 'ja', 'eens', 'hier', 'wie', 'werd', 'altijd', 'doch', 'wordt', 'wezen', 'kunnen', 'ons', 'zelf', 'tegen', 'na', 'reeds', 'wil', 'kon', 'niets', 'uw', 'iemand', 'geweest', 'andere']",0.8875
58,0.1,False,True,True,True,"(1, 2)","['de', 'en', 'van', 'ik', 'te', 'dat', 'die', 'in', 'een', 'hij', 'het', 'niet', 'zijn', 'is', 'was', 'op', 'aan', 'met', 'als', 'voor', 'had', 'er', 'maar', 'om', 'hem', 'dan', 'zou', 'of', 'wat', 'mijn', 'men', 'dit', 'zo', 'door', 'over', 'ze', 'zich', 'bij', 'ook', 'tot', 'je', 'mij', 'uit', 'der', 'daar', 'haar', 'naar', 'heb', 'hoe', 'heeft', 'hebben', 'deze', 'u', 'want', 'nog', 'zal', 'me', 'zij', 'nu', 'ge', 'geen', 'omdat', 'iets', 'worden', 'toch', 'al', 'waren', 'veel', 'meer', 'doen', 'toen', 'moet', 'ben', 'zonder', 'kan', 'hun', 'dus', 'alles', 'onder', 'ja', 'eens', 'hier', 'wie', 'werd', 'altijd', 'doch', 'wordt', 'wezen', 'kunnen', 'ons', 'zelf', 'tegen', 'na', 'reeds', 'wil', 'kon', 'niets', 'uw', 'iemand', 'geweest', 'andere']",0.8875
59,0.1,False,True,True,True,"(1, 2)","['de', 'en', 'van', 'ik', 'te', 'dat', 'die', 'in', 'een', 'hij', 'het', 'niet', 'zijn', 'is', 'was', 'op', 'aan', 'met', 'als', 'voor', 'had', 'er', 'maar', 'om', 'hem', 'dan', 'zou', 'of', 'wat', 'mijn', 'men', 'dit', 'zo', 'door', 'over', 'ze', 'zich', 'bij', 'ook', 'tot', 'je', 'mij', 'uit', 'der', 'daar', 'haar', 'naar', 'heb', 'hoe', 'heeft', 'hebben', 'deze', 'u', 'want', 'nog', 'zal', 'me', 'zij', 'nu', 'ge', 'geen', 'omdat', 'iets', 'worden', 'toch', 'al', 'waren', 'veel', 'meer', 'doen', 'toen', 'moet', 'ben', 'zonder', 'kan', 'hun', 'dus', 'alles', 'onder', 'ja', 'eens', 'hier', 'wie', 'werd', 'altijd', 'doch', 'wordt', 'wezen', 'kunnen', 'ons', 'zelf', 'tegen', 'na', 'reeds', 'wil', 'kon', 'niets', 'uw', 'iemand', 'geweest', 'andere']",0.8875
60,0.1,False,True,True,True,"(1, 2)","['de', 'en', 'van', 'ik', 'te', 'dat', 'die', 'in', 'een', 'hij', 'het', 'niet', 'zijn', 'is', 'was', 'op', 'aan', 'met', 'als', 'voor', 'had', 'er', 'maar', 'om', 'hem', 'dan', 'zou', 'of', 'wat', 'mijn', 'men', 'dit', 'zo', 'door', 'over', 'ze', 'zich', 'bij', 'ook', 'tot', 'je', 'mij', 'uit', 'der', 'daar', 'haar', 'naar', 'heb', 'hoe', 'heeft', 'hebben', 'deze', 'u', 'want', 'nog', 'zal', 'me', 'zij', 'nu', 'ge', 'geen', 'omdat', 'iets', 'worden', 'toch', 'al', 'waren', 'veel', 'meer', 'doen', 'toen', 'moet', 'ben', 'zonder', 'kan', 'hun', 'dus', 'alles', 'onder', 'ja', 'eens', 'hier', 'wie', 'werd', 'altijd', 'doch', 'wordt', 'wezen', 'kunnen', 'ons', 'zelf', 'tegen', 'na', 'reeds', 'wil', 'kon', 'niets', 'uw', 'iemand', 'geweest', 'andere']",0.8875
61,0.1,False,True,True,True,"(1, 2)","['de', 'en', 'van', 'ik', 'te', 'dat', 'die', 'in', 'een', 'hij', 'het', 'niet', 'zijn', 'is', 'was', 'op', 'aan', 'met', 'als', 'voor', 'had', 'er', 'maar', 'om', 'hem', 'dan', 'zou', 'of', 'wat', 'mijn', 'men', 'dit', 'zo', 'door', 'over', 'ze', 'zich', 'bij', 'ook', 'tot', 'je', 'mij', 'uit', 'der', 'daar', 'haar', 'naar', 'heb', 'hoe', 'heeft', 'hebben', 'deze', 'u', 'want', 'nog', 'zal', 'me', 'zij', 'nu', 'ge', 'geen', 'omdat', 'iets', 'worden', 'toch', 'al', 'waren', 'veel', 'meer', 'doen', 'toen', 'moet', 'ben', 'zonder', 'kan', 'hun', 'dus', 'alles', 'onder', 'ja', 'eens', 'hier', 'wie', 'werd', 'altijd', 'doch', 'wordt', 'wezen', 'kunnen', 'ons', 'zelf', 'tegen', 'na', 'reeds', 'wil', 'kon', 'niets', 'uw', 'iemand', 'geweest', 'andere']",0.8875
62,0.1,False,True,True,True,"(1, 2)","['de', 'en', 'van', 'ik', 'te', 'dat', 'die', 'in', 'een', 'hij', 'het', 'niet', 'zijn', 'is', 'was', 'op', 'aan', 'met', 'als', 'voor', 'had', 'er', 'maar', 'om', 'hem', 'dan', 'zou', 'of', 'wat', 'mijn', 'men', 'dit', 'zo', 'door', 'over', 'ze', 'zich', 'bij', 'ook', 'tot', 'je', 'mij', 'uit', 'der', 'daar', 'haar', 'naar', 'heb', 'hoe', 'heeft', 'hebben', 'deze', 'u', 'want', 'nog', 'zal', 'me', 'zij', 'nu', 'ge', 'geen', 'omdat', 'iets', 'worden', 'toch', 'al', 'waren', 'veel', 'meer', 'doen', 'toen', 'moet', 'ben', 'zonder', 'kan', 'hun', 'dus', 'alles', 'onder', 'ja', 'eens', 'hier', 'wie', 'werd', 'altijd', 'doch', 'wordt', 'wezen', 'kunnen', 'ons', 'zelf', 'tegen', 'na', 'reeds', 'wil', 'kon', 'niets', 'uw', 'iemand', 'geweest', 'andere']",0.8875
63,0.1,False,True,True,True,"(1, 2)","['de', 'en', 'van', 'ik', 'te', 'dat', 'die', 'in', 'een', 'hij', 'het', 'niet', 'zijn', 'is', 'was', 'op', 'aan', 'met', 'als', 'voor', 'had', 'er', 'maar', 'om', 'hem', 'dan', 'zou', 'of', 'wat', 'mijn', 'men', 'dit', 'zo', 'door', 'over', 'ze', 'zich', 'bij', 'ook', 'tot', 'je', 'mij', 'uit', 'der', 'daar', 'haar', 'naar', 'heb', 'hoe', 'heeft', 'hebben', 'deze', 'u', 'want', 'nog', 'zal', 'me', 'zij', 'nu', 'ge', 'geen', 'omdat', 'iets', 'worden', 'toch', 'al', 'waren', 'veel', 'meer', 'doen', 'toen', 'moet', 'ben', 'zonder', 'kan', 'hun', 'dus', 'alles', 'onder', 'ja', 'eens', 'hier', 'wie', 'werd', 'altijd', 'doch', 'wordt', 'wezen', 'kunnen', 'ons', 'zelf', 'tegen', 'na', 'reeds', 'wil', 'kon', 'niets', 'uw', 'iemand', 'geweest', 'andere']",0.8875
64,0.1,False,True,True,True,"(1, 2)","['de', 'en', 'van', 'ik', 'te', 'dat', 'die', 'in', 'een', 'hij', 'het', 'niet', 'zijn', 'is', 'was', 'op', 'aan', 'met', 'als', 'voor', 'had', 'er', 'maar', 'om', 'hem', 'dan', 'zou', 'of', 'wat', 'mijn', 'men', 'dit', 'zo', 'door', 'over', 'ze', 'zich', 'bij', 'ook', 'tot', 'je', 'mij', 'uit', 'der', 'daar', 'haar', 'naar', 'heb', 'hoe', 'heeft', 'hebben', 'deze', 'u', 'want', 'nog', 'zal', 'me', 'zij', 'nu', 'ge', 'geen', 'omdat', 'iets', 'worden', 'toch', 'al', 'waren', 'veel', 'meer', 'doen', 'toen', 'moet', 'ben', 'zonder', 'kan', 'hun', 'dus', 'alles', 'onder', 'ja', 'eens', 'hier', 'wie', 'werd', 'altijd', 'doch', 'wordt', 'wezen', 'kunnen', 'ons', 'zelf', 'tegen', 'na', 'reeds', 'wil', 'kon', 'niets', 'uw', 'iemand', 'geweest', 'andere']",0.8875
65,0.1,False,True,True,True,"(1, 2)","['de', 'en', 'van', 'ik', 'te', 'dat', 'die', 'in', 'een', 'hij', 'het', 'niet', 'zijn', 'is', 'was', 'op', 'aan', 'met', 'als', 'voor', 'had', 'er', 'maar', 'om', 'hem', 'dan', 'zou', 'of', 'wat', 'mijn', 'men', 'dit', 'zo', 'door', 'over', 'ze', 'zich', 'bij', 'ook', 'tot', 'je', 'mij', 'uit', 'der', 'daar', 'haar', 'naar', 'heb', 'hoe', 'heeft', 'hebben', 'deze', 'u', 'want', 'nog', 'zal', 'me', 'zij', 'nu', 'ge', 'geen', 'omdat', 'iets', 'worden', 'toch', 'al', 'waren', 'veel', 'meer', 'doen', 'toen', 'moet', 'ben', 'zonder', 'kan', 'hun', 'dus', 'alles', 'onder', 'ja', 'eens', 'hier', 'wie', 'werd', 'altijd', 'doch', 'wordt', 'wezen', 'kunnen', 'ons', 'zelf', 'tegen', 'na', 'reeds', 'wil', 'kon', 'niets', 'uw', 'iemand', 'geweest', 'andere']",0.8875
66,0.1,False,True,True,True,"(1, 2)","['de', 'en', 'van', 'ik', 'te', 'dat', 'die', 'in', 'een', 'hij', 'het', 'niet', 'zijn', 'is', 'was', 'op', 'aan', 'met', 'als', 'voor', 'had', 'er', 'maar', 'om', 'hem', 'dan', 'zou', 'of', 'wat', 'mijn', 'men', 'dit', 'zo', 'door', 'over', 'ze', 'zich', 'bij', 'ook', 'tot', 'je', 'mij', 'uit', 'der', 'daar', 'haar', 'naar', 'heb', 'hoe', 'heeft', 'hebben', 'deze', 'u', 'want', 'nog', 'zal', 'me', 'zij', 'nu', 'ge', 'geen', 'omdat', 'iets', 'worden', 'toch', 'al', 'waren', 'veel', 'meer', 'doen', 'toen', 'moet', 'ben', 'zonder', 'kan', 'hun', 'dus', 'alles', 'onder', 'ja', 'eens', 'hier', 'wie', 'werd', 'altijd', 'doch', 'wordt', 'wezen', 'kunnen', 'ons', 'zelf', 'tegen', 'na', 'reeds', 'wil', 'kon', 'niets', 'uw', 'iemand', 'geweest', 'andere']",0.8875
67,0.1,False,True,True,True,"(1, 2)","['de', 'en', 'van', 'ik', 'te', 'dat', 'die', 'in', 'een', 'hij', 'het', 'niet', 'zijn', 'is', 'was', 'op', 'aan', 'met', 'als', 'voor', 'had', 'er', 'maar', 'om', 'hem', 'dan', 'zou', 'of', 'wat', 'mijn', 'men', 'dit', 'zo', 'door', 'over', 'ze', 'zich', 'bij', 'ook', 'tot', 'je', 'mij', 'uit', 'der', 'daar', 'haar', 'naar', 'heb', 'hoe', 'heeft', 'hebben', 'deze', 'u', 'want', 'nog', 'zal', 'me', 'zij', 'nu', 'ge', 'geen', 'omdat', 'iets', 'worden', 'toch', 'al', 'waren', 'veel', 'meer', 'doen', 'toen', 'moet', 'ben', 'zonder', 'kan', 'hun', 'dus', 'alles', 'onder', 'ja', 'eens', 'hier', 'wie', 'werd', 'altijd', 'doch', 'wordt', 'wezen', 'kunnen', 'ons', 'zelf', 'tegen', 'na', 'reeds', 'wil', 'kon', 'niets', 'uw', 'iemand', 'geweest', 'andere']",0.8875
68,0.1,False,True,True,True,"(1, 2)","['de', 'en', 'van', 'ik', 'te', 'dat', 'die', 'in', 'een', 'hij', 'het', 'niet', 'zijn', 'is', 'was', 'op', 'aan', 'met', 'als', 'voor', 'had', 'er', 'maar', 'om', 'hem', 'dan', 'zou', 'of', 'wat', 'mijn', 'men', 'dit', 'zo', 'door', 'over', 'ze', 'zich', 'bij', 'ook', 'tot', 'je', 'mij', 'uit', 'der', 'daar', 'haar', 'naar', 'heb', 'hoe', 'heeft', 'hebben', 'deze', 'u', 'want', 'nog', 'zal', 'me', 'zij', 'nu', 'ge', 'geen', 'omdat', 'iets', 'worden', 'toch', 'al', 'waren', 'veel', 'meer', 'doen', 'toen', 'moet', 'ben', 'zonder', 'kan', 'hun', 'dus', 'alles', 'onder', 'ja', 'eens', 'hier', 'wie', 'werd', 'altijd', 'doch', 'wordt', 'wezen', 'kunnen', 'ons', 'zelf', 'tegen', 'na', 'reeds', 'wil', 'kon', 'niets', 'uw', 'iemand', 'geweest', 'andere']",0.8875
69,0.1,False,True,True,True,"(1, 2)","['de', 'en', 'van', 'ik', 'te', 'dat', 'die', 'in', 'een', 'hij', 'het', 'niet', 'zijn', 'is', 'was', 'op', 'aan', 'met', 'als', 'voor', 'had', 'er', 'maar', 'om', 'hem', 'dan', 'zou', 'of', 'wat', 'mijn', 'men', 'dit', 'zo', 'door', 'over', 'ze', 'zich', 'bij', 'ook', 'tot', 'je', 'mij', 'uit', 'der', 'daar', 'haar', 'naar', 'heb', 'hoe', 'heeft', 'hebben', 'deze', 'u', 'want', 'nog', 'zal', 'me', 'zij', 'nu', 'ge', 'geen', 'omdat', 'iets', 'worden', 'toch', 'al', 'waren', 'veel', 'meer', 'doen', 'toen', 'moet', 'ben', 'zonder', 'kan', 'hun', 'dus', 'alles', 'onder', 'ja', 'eens', 'hier', 'wie', 'werd', 'altijd', 'doch', 'wordt', 'wezen', 'kunnen', 'ons', 'zelf', 'tegen', 'na', 'reeds', 'wil', 'kon', 'niets', 'uw', 'iemand', 'geweest', 'andere']",0.8875
70,0.1,False,True,True,True,"(1, 2)","['de', 'en', 'van', 'ik', 'te', 'dat', 'die', 'in', 'een', 'hij', 'het', 'niet', 'zijn', 'is', 'was', 'op', 'aan', 'met', 'als', 'voor', 'had', 'er', 'maar', 'om', 'hem', 'dan', 'zou', 'of', 'wat', 'mijn', 'men', 'dit', 'zo', 'door', 'over', 'ze', 'zich', 'bij', 'ook', 'tot', 'je', 'mij', 'uit', 'der', 'daar', 'haar', 'naar', 'heb', 'hoe', 'heeft', 'hebben', 'deze', 'u', 'want', 'nog', 'zal', 'me', 'zij', 'nu', 'ge', 'geen', 'omdat', 'iets', 'worden', 'toch', 'al', 'waren', 'veel', 'meer', 'doen', 'toen', 'moet', 'ben', 'zonder', 'kan', 'hun', 'dus', 'alles', 'onder', 'ja', 'eens', 'hier', 'wie', 'werd', 'altijd', 'doch', 'wordt', 'wezen', 'kunnen', 'ons', 'zelf', 'tegen', 'na', 'reeds', 'wil', 'kon', 'niets', 'uw', 'iemand', 'geweest', 'andere']",0.8875
71,0.1,False,True,True,True,"(1, 2)","['de', 'en', 'van', 'ik', 'te', 'dat', 'die', 'in', 'een', 'hij', 'het', 'niet', 'zijn', 'is', 'was', 'op', 'aan', 'met', 'als', 'voor', 'had', 'er', 'maar', 'om', 'hem', 'dan', 'zou', 'of', 'wat', 'mijn', 'men', 'dit', 'zo', 'door', 'over', 'ze', 'zich', 'bij', 'ook', 'tot', 'je', 'mij', 'uit', 'der', 'daar', 'haar', 'naar', 'heb', 'hoe', 'heeft', 'hebben', 'deze', 'u', 'want', 'nog', 'zal', 'me', 'zij', 'nu', 'ge', 'geen', 'omdat', 'iets', 'worden', 'toch', 'al', 'waren', 'veel', 'meer', 'doen', 'toen', 'moet', 'ben', 'zonder', 'kan', 'hun', 'dus', 'alles', 'onder', 'ja', 'eens', 'hier', 'wie', 'werd', 'altijd', 'doch', 'wordt', 'wezen', 'kunnen', 'ons', 'zelf', 'tegen', 'na', 'reeds', 'wil', 'kon', 'niets', 'uw', 'iemand', 'geweest', 'andere']",0.8875
72,0.1,False,True,True,True,"(1, 2)","['de', 'en', 'van', 'ik', 'te', 'dat', 'die', 'in', 'een', 'hij', 'het', 'niet', 'zijn', 'is', 'was', 'op', 'aan', 'met', 'als', 'voor', 'had', 'er', 'maar', 'om', 'hem', 'dan', 'zou', 'of', 'wat', 'mijn', 'men', 'dit', 'zo', 'door', 'over', 'ze', 'zich', 'bij', 'ook', 'tot', 'je', 'mij', 'uit', 'der', 'daar', 'haar', 'naar', 'heb', 'hoe', 'heeft', 'hebben', 'deze', 'u', 'want', 'nog', 'zal', 'me', 'zij', 'nu', 'ge', 'geen', 'omdat', 'iets', 'worden', 'toch', 'al', 'waren', 'veel', 'meer', 'doen', 'toen', 'moet', 'ben', 'zonder', 'kan', 'hun', 'dus', 'alles', 'onder', 'ja', 'eens', 'hier', 'wie', 'werd', 'altijd', 'doch', 'wordt', 'wezen', 'kunnen', 'ons', 'zelf', 'tegen', 'na', 'reeds', 'wil', 'kon', 'niets', 'uw', 'iemand', 'geweest', 'andere']",0.8875
73,0.1,False,True,True,True,"(1, 2)","['de', 'en', 'van', 'ik', 'te', 'dat', 'die', 'in', 'een', 'hij', 'het', 'niet', 'zijn', 'is', 'was', 'op', 'aan', 'met', 'als', 'voor', 'had', 'er', 'maar', 'om', 'hem', 'dan', 'zou', 'of', 'wat', 'mijn', 'men', 'dit', 'zo', 'door', 'over', 'ze', 'zich', 'bij', 'ook', 'tot', 'je', 'mij', 'uit', 'der', 'daar', 'haar', 'naar', 'heb', 'hoe', 'heeft', 'hebben', 'deze', 'u', 'want', 'nog', 'zal', 'me', 'zij', 'nu', 'ge', 'geen', 'omdat', 'iets', 'worden', 'toch', 'al', 'waren', 'veel', 'meer', 'doen', 'toen', 'moet', 'ben', 'zonder', 'kan', 'hun', 'dus', 'alles', 'onder', 'ja', 'eens', 'hier', 'wie', 'werd', 'altijd', 'doch', 'wordt', 'wezen', 'kunnen', 'ons', 'zelf', 'tegen', 'na', 'reeds', 'wil', 'kon', 'niets', 'uw', 'iemand', 'geweest', 'andere']",0.8875
74,0.1,False,True,True,True,"(1, 2)","['de', 'en', 'van', 'ik', 'te', 'dat', 'die', 'in', 'een', 'hij', 'het', 'niet', 'zijn', 'is', 'was', 'op', 'aan', 'met', 'als', 'voor', 'had', 'er', 'maar', 'om', 'hem', 'dan', 'zou', 'of', 'wat', 'mijn', 'men', 'dit', 'zo', 'door', 'over', 'ze', 'zich', 'bij', 'ook', 'tot', 'je', 'mij', 'uit', 'der', 'daar', 'haar', 'naar', 'heb', 'hoe', 'heeft', 'hebben', 'deze', 'u', 'want', 'nog', 'zal', 'me', 'zij', 'nu', 'ge', 'geen', 'omdat', 'iets', 'worden', 'toch', 'al', 'waren', 'veel', 'meer', 'doen', 'toen', 'moet', 'ben', 'zonder', 'kan', 'hun', 'dus', 'alles', 'onder', 'ja', 'eens', 'hier', 'wie', 'werd', 'altijd', 'doch', 'wordt', 'wezen', 'kunnen', 'ons', 'zelf', 'tegen', 'na', 'reeds', 'wil', 'kon', 'niets', 'uw', 'iemand', 'geweest', 'andere']",0.8875
75,0.1,False,True,True,True,"(1, 2)","['de', 'en', 'van', 'ik', 'te', 'dat', 'die', 'in', 'een', 'hij', 'het', 'niet', 'zijn', 'is', 'was', 'op', 'aan', 'met', 'als', 'voor', 'had', 'er', 'maar', 'om', 'hem', 'dan', 'zou', 'of', 'wat', 'mijn', 'men', 'dit', 'zo', 'door', 'over', 'ze', 'zich', 'bij', 'ook', 'tot', 'je', 'mij', 'uit', 'der', 'daar', 'haar', 'naar', 'heb', 'hoe', 'heeft', 'hebben', 'deze', 'u', 'want', 'nog', 'zal', 'me', 'zij', 'nu', 'ge', 'geen', 'omdat', 'iets', 'worden', 'toch', 'al', 'waren', 'veel', 'meer', 'doen', 'toen', 'moet', 'ben', 'zonder', 'kan', 'hun', 'dus', 'alles', 'onder', 'ja', 'eens', 'hier', 'wie', 'werd', 'altijd', 'doch', 'wordt', 'wezen', 'kunnen', 'ons', 'zelf', 'tegen', 'na', 'reeds', 'wil', 'kon', 'niets', 'uw', 'iemand', 'geweest', 'andere']",0.8875
76,0.1,False,True,True,True,"(1, 2)","['de', 'en', 'van', 'ik', 'te', 'dat', 'die', 'in', 'een', 'hij', 'het', 'niet', 'zijn', 'is', 'was', 'op', 'aan', 'met', 'als', 'voor', 'had', 'er', 'maar', 'om', 'hem', 'dan', 'zou', 'of', 'wat', 'mijn', 'men', 'dit', 'zo', 'door', 'over', 'ze', 'zich', 'bij', 'ook', 'tot', 'je', 'mij', 'uit', 'der', 'daar', 'haar', 'naar', 'heb', 'hoe', 'heeft', 'hebben', 'deze', 'u', 'want', 'nog', 'zal', 'me', 'zij', 'nu', 'ge', 'geen', 'omdat', 'iets', 'worden', 'toch', 'al', 'waren', 'veel', 'meer', 'doen', 'toen', 'moet', 'ben', 'zonder', 'kan', 'hun', 'dus', 'alles', 'onder', 'ja', 'eens', 'hier', 'wie', 'werd', 'altijd', 'doch', 'wordt', 'wezen', 'kunnen', 'ons', 'zelf', 'tegen', 'na', 'reeds', 'wil', 'kon', 'niets', 'uw', 'iemand', 'geweest', 'andere']",0.8875
77,0.1,False,True,True,True,"(1, 2)","['de', 'en', 'van', 'ik', 'te', 'dat', 'die', 'in', 'een', 'hij', 'het', 'niet', 'zijn', 'is', 'was', 'op', 'aan', 'met', 'als', 'voor', 'had', 'er', 'maar', 'om', 'hem', 'dan', 'zou', 'of', 'wat', 'mijn', 'men', 'dit', 'zo', 'door', 'over', 'ze', 'zich', 'bij', 'ook', 'tot', 'je', 'mij', 'uit', 'der', 'daar', 'haar', 'naar', 'heb', 'hoe', 'heeft', 'hebben', 'deze', 'u', 'want', 'nog', 'zal', 'me', 'zij', 'nu', 'ge', 'geen', 'omdat', 'iets', 'worden', 'toch', 'al', 'waren', 'veel', 'meer', 'doen', 'toen', 'moet', 'ben', 'zonder', 'kan', 'hun', 'dus', 'alles', 'onder', 'ja', 'eens', 'hier', 'wie', 'werd', 'altijd', 'doch', 'wordt', 'wezen', 'kunnen', 'ons', 'zelf', 'tegen', 'na', 'reeds', 'wil', 'kon', 'niets', 'uw', 'iemand', 'geweest', 'andere']",0.8875
78,0.1,False,True,True,True,"(1, 2)","['de', 'en', 'van', 'ik', 'te', 'dat', 'die', 'in', 'een', 'hij', 'het', 'niet', 'zijn', 'is', 'was', 'op', 'aan', 'met', 'als', 'voor', 'had', 'er', 'maar', 'om', 'hem', 'dan', 'zou', 'of', 'wat', 'mijn', 'men', 'dit', 'zo', 'door', 'over', 'ze', 'zich', 'bij', 'ook', 'tot', 'je', 'mij', 'uit', 'der', 'daar', 'haar', 'naar', 'heb', 'hoe', 'heeft', 'hebben', 'deze', 'u', 'want', 'nog', 'zal', 'me', 'zij', 'nu', 'ge', 'geen', 'omdat', 'iets', 'worden', 'toch', 'al', 'waren', 'veel', 'meer', 'doen', 'toen', 'moet', 'ben', 'zonder', 'kan', 'hun', 'dus', 'alles', 'onder', 'ja', 'eens', 'hier', 'wie', 'werd', 'altijd', 'doch', 'wordt', 'wezen', 'kunnen', 'ons', 'zelf', 'tegen', 'na', 'reeds', 'wil', 'kon', 'niets', 'uw', 'iemand', 'geweest', 'andere']",0.8875
79,0.1,False,True,True,True,"(1, 2)","['de', 'en', 'van', 'ik', 'te', 'dat', 'die', 'in', 'een', 'hij', 'het', 'niet', 'zijn', 'is', 'was', 'op', 'aan', 'met', 'als', 'voor', 'had', 'er', 'maar', 'om', 'hem', 'dan', 'zou', 'of', 'wat', 'mijn', 'men', 'dit', 'zo', 'door', 'over', 'ze', 'zich', 'bij', 'ook', 'tot', 'je', 'mij', 'uit', 'der', 'daar', 'haar', 'naar', 'heb', 'hoe', 'heeft', 'hebben', 'deze', 'u', 'want', 'nog', 'zal', 'me', 'zij', 'nu', 'ge', 'geen', 'omdat', 'iets', 'worden', 'toch', 'al', 'waren', 'veel', 'meer', 'doen', 'toen', 'moet', 'ben', 'zonder', 'kan', 'hun', 'dus', 'alles', 'onder', 'ja', 'eens', 'hier', 'wie', 'werd', 'altijd', 'doch', 'wordt', 'wezen', 'kunnen', 'ons', 'zelf', 'tegen', 'na', 'reeds', 'wil', 'kon', 'niets', 'uw', 'iemand', 'geweest', 'andere']",0.8875
80,0.1,False,True,True,True,"(1, 2)","['de', 'en', 'van', 'ik', 'te', 'dat', 'die', 'in', 'een', 'hij', 'het', 'niet', 'zijn', 'is', 'was', 'op', 'aan', 'met', 'als', 'voor', 'had', 'er', 'maar', 'om', 'hem', 'dan', 'zou', 'of', 'wat', 'mijn', 'men', 'dit', 'zo', 'door', 'over', 'ze', 'zich', 'bij', 'ook', 'tot', 'je', 'mij', 'uit', 'der', 'daar', 'haar', 'naar', 'heb', 'hoe', 'heeft', 'hebben', 'deze', 'u', 'want', 'nog', 'zal', 'me', 'zij', 'nu', 'ge', 'geen', 'omdat', 'iets', 'worden', 'toch', 'al', 'waren', 'veel', 'meer', 'doen', 'toen', 'moet', 'ben', 'zonder', 'kan', 'hun', 'dus', 'alles', 'onder', 'ja', 'eens', 'hier', 'wie', 'werd', 'altijd', 'doch', 'wordt', 'wezen', 'kunnen', 'ons', 'zelf', 'tegen', 'na', 'reeds', 'wil', 'kon', 'niets', 'uw', 'iemand', 'geweest', 'andere']",0.8875
81,0.1,False,True,True,True,"(1, 2)","['de', 'en', 'van', 'ik', 'te', 'dat', 'die', 'in', 'een', 'hij', 'het', 'niet', 'zijn', 'is', 'was', 'op', 'aan', 'met', 'als', 'voor', 'had', 'er', 'maar', 'om', 'hem', 'dan', 'zou', 'of', 'wat', 'mijn', 'men', 'dit', 'zo', 'door', 'over', 'ze', 'zich', 'bij', 'ook', 'tot', 'je', 'mij', 'uit', 'der', 'daar', 'haar', 'naar', 'heb', 'hoe', 'heeft', 'hebben', 'deze', 'u', 'want', 'nog', 'zal', 'me', 'zij', 'nu', 'ge', 'geen', 'omdat', 'iets', 'worden', 'toch', 'al', 'waren', 'veel', 'meer', 'doen', 'toen', 'moet', 'ben', 'zonder', 'kan', 'hun', 'dus', 'alles', 'onder', 'ja', 'eens', 'hier', 'wie', 'werd', 'altijd', 'doch', 'wordt', 'wezen', 'kunnen', 'ons', 'zelf', 'tegen', 'na', 'reeds', 'wil', 'kon', 'niets', 'uw', 'iemand', 'geweest', 'andere']",0.8875
82,0.1,False,True,True,True,"(1, 2)","['de', 'en', 'van', 'ik', 'te', 'dat', 'die', 'in', 'een', 'hij', 'het', 'niet', 'zijn', 'is', 'was', 'op', 'aan', 'met', 'als', 'voor', 'had', 'er', 'maar', 'om', 'hem', 'dan', 'zou', 'of', 'wat', 'mijn', 'men', 'dit', 'zo', 'door', 'over', 'ze', 'zich', 'bij', 'ook', 'tot', 'je', 'mij', 'uit', 'der', 'daar', 'haar', 'naar', 'heb', 'hoe', 'heeft', 'hebben', 'deze', 'u', 'want', 'nog', 'zal', 'me', 'zij', 'nu', 'ge', 'geen', 'omdat', 'iets', 'worden', 'toch', 'al', 'waren', 'veel', 'meer', 'doen', 'toen', 'moet', 'ben', 'zonder', 'kan', 'hun', 'dus', 'alles', 'onder', 'ja', 'eens', 'hier', 'wie', 'werd', 'altijd', 'doch', 'wordt', 'wezen', 'kunnen', 'ons', 'zelf', 'tegen', 'na', 'reeds', 'wil', 'kon', 'niets', 'uw', 'iemand', 'geweest', 'andere']",0.8875
83,0.1,False,True,True,True,"(1, 2)","['de', 'en', 'van', 'ik', 'te', 'dat', 'die', 'in', 'een', 'hij', 'het', 'niet', 'zijn', 'is', 'was', 'op', 'aan', 'met', 'als', 'voor', 'had', 'er', 'maar', 'om', 'hem', 'dan', 'zou', 'of', 'wat', 'mijn', 'men', 'dit', 'zo', 'door', 'over', 'ze', 'zich', 'bij', 'ook', 'tot', 'je', 'mij', 'uit', 'der', 'daar', 'haar', 'naar', 'heb', 'hoe', 'heeft', 'hebben', 'deze', 'u', 'want', 'nog', 'zal', 'me', 'zij', 'nu', 'ge', 'geen', 'omdat', 'iets', 'worden', 'toch', 'al', 'waren', 'veel', 'meer', 'doen', 'toen', 'moet', 'ben', 'zonder', 'kan', 'hun', 'dus', 'alles', 'onder', 'ja', 'eens', 'hier', 'wie', 'werd', 'altijd', 'doch', 'wordt', 'wezen', 'kunnen', 'ons', 'zelf', 'tegen', 'na', 'reeds', 'wil', 'kon', 'niets', 'uw', 'iemand', 'geweest', 'andere']",0.8875
84,0.1,False,True,True,True,"(1, 2)","['de', 'en', 'van', 'ik', 'te', 'dat', 'die', 'in', 'een', 'hij', 'het', 'niet', 'zijn', 'is', 'was', 'op', 'aan', 'met', 'als', 'voor', 'had', 'er', 'maar', 'om', 'hem', 'dan', 'zou', 'of', 'wat', 'mijn', 'men', 'dit', 'zo', 'door', 'over', 'ze', 'zich', 'bij', 'ook', 'tot', 'je', 'mij', 'uit', 'der', 'daar', 'haar', 'naar', 'heb', 'hoe', 'heeft', 'hebben', 'deze', 'u', 'want', 'nog', 'zal', 'me', 'zij', 'nu', 'ge', 'geen', 'omdat', 'iets', 'worden', 'toch', 'al', 'waren', 'veel', 'meer', 'doen', 'toen', 'moet', 'ben', 'zonder', 'kan', 'hun', 'dus', 'alles', 'onder', 'ja', 'eens', 'hier', 'wie', 'werd', 'altijd', 'doch', 'wordt', 'wezen', 'kunnen', 'ons', 'zelf', 'tegen', 'na', 'reeds', 'wil', 'kon', 'niets', 'uw', 'iemand', 'geweest', 'andere']",0.8875
85,0.1,False,True,True,True,"(1, 2)","['de', 'en', 'van', 'ik', 'te', 'dat', 'die', 'in', 'een', 'hij', 'het', 'niet', 'zijn', 'is', 'was', 'op', 'aan', 'met', 'als', 'voor', 'had', 'er', 'maar', 'om', 'hem', 'dan', 'zou', 'of', 'wat', 'mijn', 'men', 'dit', 'zo', 'door', 'over', 'ze', 'zich', 'bij', 'ook', 'tot', 'je', 'mij', 'uit', 'der', 'daar', 'haar', 'naar', 'heb', 'hoe', 'heeft', 'hebben', 'deze', 'u', 'want', 'nog', 'zal', 'me', 'zij', 'nu', 'ge', 'geen', 'omdat', 'iets', 'worden', 'toch', 'al', 'waren', 'veel', 'meer', 'doen', 'toen', 'moet', 'ben', 'zonder', 'kan', 'hun', 'dus', 'alles', 'onder', 'ja', 'eens', 'hier', 'wie', 'werd', 'altijd', 'doch', 'wordt', 'wezen', 'kunnen', 'ons', 'zelf', 'tegen', 'na', 'reeds', 'wil', 'kon', 'niets', 'uw', 'iemand', 'geweest', 'andere']",0.8875
86,0.1,False,True,True,True,"(1, 2)","['de', 'en', 'van', 'ik', 'te', 'dat', 'die', 'in', 'een', 'hij', 'het', 'niet', 'zijn', 'is', 'was', 'op', 'aan', 'met', 'als', 'voor', 'had', 'er', 'maar', 'om', 'hem', 'dan', 'zou', 'of', 'wat', 'mijn', 'men', 'dit', 'zo', 'door', 'over', 'ze', 'zich', 'bij', 'ook', 'tot', 'je', 'mij', 'uit', 'der', 'daar', 'haar', 'naar', 'heb', 'hoe', 'heeft', 'hebben', 'deze', 'u', 'want', 'nog', 'zal', 'me', 'zij', 'nu', 'ge', 'geen', 'omdat', 'iets', 'worden', 'toch', 'al', 'waren', 'veel', 'meer', 'doen', 'toen', 'moet', 'ben', 'zonder', 'kan', 'hun', 'dus', 'alles', 'onder', 'ja', 'eens', 'hier', 'wie', 'werd', 'altijd', 'doch', 'wordt', 'wezen', 'kunnen', 'ons', 'zelf', 'tegen', 'na', 'reeds', 'wil', 'kon', 'niets', 'uw', 'iemand', 'geweest', 'andere']",0.8875
87,0.1,False,True,True,True,"(1, 2)","['de', 'en', 'van', 'ik', 'te', 'dat', 'die', 'in', 'een', 'hij', 'het', 'niet', 'zijn', 'is', 'was', 'op', 'aan', 'met', 'als', 'voor', 'had', 'er', 'maar', 'om', 'hem', 'dan', 'zou', 'of', 'wat', 'mijn', 'men', 'dit', 'zo', 'door', 'over', 'ze', 'zich', 'bij', 'ook', 'tot', 'je', 'mij', 'uit', 'der', 'daar', 'haar', 'naar', 'heb', 'hoe', 'heeft', 'hebben', 'deze', 'u', 'want', 'nog', 'zal', 'me', 'zij', 'nu', 'ge', 'geen', 'omdat', 'iets', 'worden', 'toch', 'al', 'waren', 'veel', 'meer', 'doen', 'toen', 'moet', 'ben', 'zonder', 'kan', 'hun', 'dus', 'alles', 'onder', 'ja', 'eens', 'hier', 'wie', 'werd', 'altijd', 'doch', 'wordt', 'wezen', 'kunnen', 'ons', 'zelf', 'tegen', 'na', 'reeds', 'wil', 'kon', 'niets', 'uw', 'iemand', 'geweest', 'andere']",0.8875
88,0.1,False,True,True,True,"(1, 2)","['de', 'en', 'van', 'ik', 'te', 'dat', 'die', 'in', 'een', 'hij', 'het', 'niet', 'zijn', 'is', 'was', 'op', 'aan', 'met', 'als', 'voor', 'had', 'er', 'maar', 'om', 'hem', 'dan', 'zou', 'of', 'wat', 'mijn', 'men', 'dit', 'zo', 'door', 'over', 'ze', 'zich', 'bij', 'ook', 'tot', 'je', 'mij', 'uit', 'der', 'daar', 'haar', 'naar', 'heb', 'hoe', 'heeft', 'hebben', 'deze', 'u', 'want', 'nog', 'zal', 'me', 'zij', 'nu', 'ge', 'geen', 'omdat', 'iets', 'worden', 'toch', 'al', 'waren', 'veel', 'meer', 'doen', 'toen', 'moet', 'ben', 'zonder', 'kan', 'hun', 'dus', 'alles', 'onder', 'ja', 'eens', 'hier', 'wie', 'werd', 'altijd', 'doch', 'wordt', 'wezen', 'kunnen', 'ons', 'zelf', 'tegen', 'na', 'reeds', 'wil', 'kon', 'niets', 'uw', 'iemand', 'geweest', 'andere']",0.8875
89,0.1,False,True,True,True,"(1, 2)","['de', 'en', 'van', 'ik', 'te', 'dat', 'die', 'in', 'een', 'hij', 'het', 'niet', 'zijn', 'is', 'was', 'op', 'aan', 'met', 'als', 'voor', 'had', 'er', 'maar', 'om', 'hem', 'dan', 'zou', 'of', 'wat', 'mijn', 'men', 'dit', 'zo', 'door', 'over', 'ze', 'zich', 'bij', 'ook', 'tot', 'je', 'mij', 'uit', 'der', 'daar', 'haar', 'naar', 'heb', 'hoe', 'heeft', 'hebben', 'deze', 'u', 'want', 'nog', 'zal', 'me', 'zij', 'nu', 'ge', 'geen', 'omdat', 'iets', 'worden', 'toch', 'al', 'waren', 'veel', 'meer', 'doen', 'toen', 'moet', 'ben', 'zonder', 'kan', 'hun', 'dus', 'alles', 'onder', 'ja', 'eens', 'hier', 'wie', 'werd', 'altijd', 'doch', 'wordt', 'wezen', 'kunnen', 'ons', 'zelf', 'tegen', 'na', 'reeds', 'wil', 'kon', 'niets', 'uw', 'iemand', 'geweest', 'andere']",0.8875
90,0.1,False,True,True,True,"(1, 2)","['de', 'en', 'van', 'ik', 'te', 'dat', 'die', 'in', 'een', 'hij', 'het', 'niet', 'zijn', 'is', 'was', 'op', 'aan', 'met', 'als', 'voor', 'had', 'er', 'maar', 'om', 'hem', 'dan', 'zou', 'of', 'wat', 'mijn', 'men', 'dit', 'zo', 'door', 'over', 'ze', 'zich', 'bij', 'ook', 'tot', 'je', 'mij', 'uit', 'der', 'daar', 'haar', 'naar', 'heb', 'hoe', 'heeft', 'hebben', 'deze', 'u', 'want', 'nog', 'zal', 'me', 'zij', 'nu', 'ge', 'geen', 'omdat', 'iets', 'worden', 'toch', 'al', 'waren', 'veel', 'meer', 'doen', 'toen', 'moet', 'ben', 'zonder', 'kan', 'hun', 'dus', 'alles', 'onder', 'ja', 'eens', 'hier', 'wie', 'werd', 'altijd', 'doch', 'wordt', 'wezen', 'kunnen', 'ons', 'zelf', 'tegen', 'na', 'reeds', 'wil', 'kon', 'niets', 'uw', 'iemand', 'geweest', 'andere']",0.8875
91,0.1,False,True,True,True,"(1, 2)","['de', 'en', 'van', 'ik', 'te', 'dat', 'die', 'in', 'een', 'hij', 'het', 'niet', 'zijn', 'is', 'was', 'op', 'aan', 'met', 'als', 'voor', 'had', 'er', 'maar', 'om', 'hem', 'dan', 'zou', 'of', 'wat', 'mijn', 'men', 'dit', 'zo', 'door', 'over', 'ze', 'zich', 'bij', 'ook', 'tot', 'je', 'mij', 'uit', 'der', 'daar', 'haar', 'naar', 'heb', 'hoe', 'heeft', 'hebben', 'deze', 'u', 'want', 'nog', 'zal', 'me', 'zij', 'nu', 'ge', 'geen', 'omdat', 'iets', 'worden', 'toch', 'al', 'waren', 'veel', 'meer', 'doen', 'toen', 'moet', 'ben', 'zonder', 'kan', 'hun', 'dus', 'alles', 'onder', 'ja', 'eens', 'hier', 'wie', 'werd', 'altijd', 'doch', 'wordt', 'wezen', 'kunnen', 'ons', 'zelf', 'tegen', 'na', 'reeds', 'wil', 'kon', 'niets', 'uw', 'iemand', 'geweest', 'andere']",0.8875
92,0.1,False,True,True,True,"(1, 2)","['de', 'en', 'van', 'ik', 'te', 'dat', 'die', 'in', 'een', 'hij', 'het', 'niet', 'zijn', 'is', 'was', 'op', 'aan', 'met', 'als', 'voor', 'had', 'er', 'maar', 'om', 'hem', 'dan', 'zou', 'of', 'wat', 'mijn', 'men', 'dit', 'zo', 'door', 'over', 'ze', 'zich', 'bij', 'ook', 'tot', 'je', 'mij', 'uit', 'der', 'daar', 'haar', 'naar', 'heb', 'hoe', 'heeft', 'hebben', 'deze', 'u', 'want', 'nog', 'zal', 'me', 'zij', 'nu', 'ge', 'geen', 'omdat', 'iets', 'worden', 'toch', 'al', 'waren', 'veel', 'meer', 'doen', 'toen', 'moet', 'ben', 'zonder', 'kan', 'hun', 'dus', 'alles', 'onder', 'ja', 'eens', 'hier', 'wie', 'werd', 'altijd', 'doch', 'wordt', 'wezen', 'kunnen', 'ons', 'zelf', 'tegen', 'na', 'reeds', 'wil', 'kon', 'niets', 'uw', 'iemand', 'geweest', 'andere']",0.8875
93,0.1,False,True,True,True,"(1, 2)","['de', 'en', 'van', 'ik', 'te', 'dat', 'die', 'in', 'een', 'hij', 'het', 'niet', 'zijn', 'is', 'was', 'op', 'aan', 'met', 'als', 'voor', 'had', 'er', 'maar', 'om', 'hem', 'dan', 'zou', 'of', 'wat', 'mijn', 'men', 'dit', 'zo', 'door', 'over', 'ze', 'zich', 'bij', 'ook', 'tot', 'je', 'mij', 'uit', 'der', 'daar', 'haar', 'naar', 'heb', 'hoe', 'heeft', 'hebben', 'deze', 'u', 'want', 'nog', 'zal', 'me', 'zij', 'nu', 'ge', 'geen', 'omdat', 'iets', 'worden', 'toch', 'al', 'waren', 'veel', 'meer', 'doen', 'toen', 'moet', 'ben', 'zonder', 'kan', 'hun', 'dus', 'alles', 'onder', 'ja', 'eens', 'hier', 'wie', 'werd', 'altijd', 'doch', 'wordt', 'wezen', 'kunnen', 'ons', 'zelf', 'tegen', 'na', 'reeds', 'wil', 'kon', 'niets', 'uw', 'iemand', 'geweest', 'andere']",0.8875
94,0.1,False,True,True,True,"(1, 2)","['de', 'en', 'van', 'ik', 'te', 'dat', 'die', 'in', 'een', 'hij', 'het', 'niet', 'zijn', 'is', 'was', 'op', 'aan', 'met', 'als', 'voor', 'had', 'er', 'maar', 'om', 'hem', 'dan', 'zou', 'of', 'wat', 'mijn', 'men', 'dit', 'zo', 'door', 'over', 'ze', 'zich', 'bij', 'ook', 'tot', 'je', 'mij', 'uit', 'der', 'daar', 'haar', 'naar', 'heb', 'hoe', 'heeft', 'hebben', 'deze', 'u', 'want', 'nog', 'zal', 'me', 'zij', 'nu', 'ge', 'geen', 'omdat', 'iets', 'worden', 'toch', 'al', 'waren', 'veel', 'meer', 'doen', 'toen', 'moet', 'ben', 'zonder', 'kan', 'hun', 'dus', 'alles', 'onder', 'ja', 'eens', 'hier', 'wie', 'werd', 'altijd', 'doch', 'wordt', 'wezen', 'kunnen', 'ons', 'zelf', 'tegen', 'na', 'reeds', 'wil', 'kon', 'niets', 'uw', 'iemand', 'geweest', 'andere']",0.8875
95,0.1,False,True,True,True,"(1, 2)","['de', 'en', 'van', 'ik', 'te', 'dat', 'die', 'in', 'een', 'hij', 'het', 'niet', 'zijn', 'is', 'was', 'op', 'aan', 'met', 'als', 'voor', 'had', 'er', 'maar', 'om', 'hem', 'dan', 'zou', 'of', 'wat', 'mijn', 'men', 'dit', 'zo', 'door', 'over', 'ze', 'zich', 'bij', 'ook', 'tot', 'je', 'mij', 'uit', 'der', 'daar', 'haar', 'naar', 'heb', 'hoe', 'heeft', 'hebben', 'deze', 'u', 'want', 'nog', 'zal', 'me', 'zij', 'nu', 'ge', 'geen', 'omdat', 'iets', 'worden', 'toch', 'al', 'waren', 'veel', 'meer', 'doen', 'toen', 'moet', 'ben', 'zonder', 'kan', 'hun', 'dus', 'alles', 'onder', 'ja', 'eens', 'hier', 'wie', 'werd', 'altijd', 'doch', 'wordt', 'wezen', 'kunnen', 'ons', 'zelf', 'tegen', 'na', 'reeds', 'wil', 'kon', 'niets', 'uw', 'iemand', 'geweest', 'andere']",0.8875
96,0.1,False,True,True,True,"(1, 2)","['de', 'en', 'van', 'ik', 'te', 'dat', 'die', 'in', 'een', 'hij', 'het', 'niet', 'zijn', 'is', 'was', 'op', 'aan', 'met', 'als', 'voor', 'had', 'er', 'maar', 'om', 'hem', 'dan', 'zou', 'of', 'wat', 'mijn', 'men', 'dit', 'zo', 'door', 'over', 'ze', 'zich', 'bij', 'ook', 'tot', 'je', 'mij', 'uit', 'der', 'daar', 'haar', 'naar', 'heb', 'hoe', 'heeft', 'hebben', 'deze', 'u', 'want', 'nog', 'zal', 'me', 'zij', 'nu', 'ge', 'geen', 'omdat', 'iets', 'worden', 'toch', 'al', 'waren', 'veel', 'meer', 'doen', 'toen', 'moet', 'ben', 'zonder', 'kan', 'hun', 'dus', 'alles', 'onder', 'ja', 'eens', 'hier', 'wie', 'werd', 'altijd', 'doch', 'wordt', 'wezen', 'kunnen', 'ons', 'zelf', 'tegen', 'na', 'reeds', 'wil', 'kon', 'niets', 'uw', 'iemand', 'geweest', 'andere']",0.8875
97,0.1,False,True,True,True,"(1, 2)","['de', 'en', 'van', 'ik', 'te', 'dat', 'die', 'in', 'een', 'hij', 'het', 'niet', 'zijn', 'is', 'was', 'op', 'aan', 'met', 'als', 'voor', 'had', 'er', 'maar', 'om', 'hem', 'dan', 'zou', 'of', 'wat', 'mijn', 'men', 'dit', 'zo', 'door', 'over', 'ze', 'zich', 'bij', 'ook', 'tot', 'je', 'mij', 'uit', 'der', 'daar', 'haar', 'naar', 'heb', 'hoe', 'heeft', 'hebben', 'deze', 'u', 'want', 'nog', 'zal', 'me', 'zij', 'nu', 'ge', 'geen', 'omdat', 'iets', 'worden', 'toch', 'al', 'waren', 'veel', 'meer', 'doen', 'toen', 'moet', 'ben', 'zonder', 'kan', 'hun', 'dus', 'alles', 'onder', 'ja', 'eens', 'hier', 'wie', 'werd', 'altijd', 'doch', 'wordt', 'wezen', 'kunnen', 'ons', 'zelf', 'tegen', 'na', 'reeds', 'wil', 'kon', 'niets', 'uw', 'iemand', 'geweest', 'andere']",0.8875
98,0.1,False,True,True,True,"(1, 2)","['de', 'en', 'van', 'ik', 'te', 'dat', 'die', 'in', 'een', 'hij', 'het', 'niet', 'zijn', 'is', 'was', 'op', 'aan', 'met', 'als', 'voor', 'had', 'er', 'maar', 'om', 'hem', 'dan', 'zou', 'of', 'wat', 'mijn', 'men', 'dit', 'zo', 'door', 'over', 'ze', 'zich', 'bij', 'ook', 'tot', 'je', 'mij', 'uit', 'der', 'daar', 'haar', 'naar', 'heb', 'hoe', 'heeft', 'hebben', 'deze', 'u', 'want', 'nog', 'zal', 'me', 'zij', 'nu', 'ge', 'geen', 'omdat', 'iets', 'worden', 'toch', 'al', 'waren', 'veel', 'meer', 'doen', 'toen', 'moet', 'ben', 'zonder', 'kan', 'hun', 'dus', 'alles', 'onder', 'ja', 'eens', 'hier', 'wie', 'werd', 'altijd', 'doch', 'wordt', 'wezen', 'kunnen', 'ons', 'zelf', 'tegen', 'na', 'reeds', 'wil', 'kon', 'niets', 'uw', 'iemand', 'geweest', 'andere']",0.8875
99,0.1,False,True,True,True,"(1, 2)","['de', 'en', 'van', 'ik', 'te', 'dat', 'die', 'in', 'een', 'hij', 'het', 'niet', 'zijn', 'is', 'was', 'op', 'aan', 'met', 'als', 'voor', 'had', 'er', 'maar', 'om', 'hem', 'dan', 'zou', 'of', 'wat', 'mijn', 'men', 'dit', 'zo', 'door', 'over', 'ze', 'zich', 'bij', 'ook', 'tot', 'je', 'mij', 'uit', 'der', 'daar', 'haar', 'naar', 'heb', 'hoe', 'heeft', 'hebben', 'deze', 'u', 'want', 'nog', 'zal', 'me', 'zij', 'nu', 'ge', 'geen', 'omdat', 'iets', 'worden', 'toch', 'al', 'waren', 'veel', 'meer', 'doen', 'toen', 'moet', 'ben', 'zonder', 'kan', 'hun', 'dus', 'alles', 'onder', 'ja', 'eens', 'hier', 'wie', 'werd', 'altijd', 'doch', 'wordt', 'wezen', 'kunnen', 'ons', 'zelf', 'tegen', 'na', 'reeds', 'wil', 'kon', 'niets', 'uw', 'iemand', 'geweest', 'andere']",0.8875
